Date,AGG_price,SPY_price,AGG_return,SPY_return,AGG_vol,SPY_vol,AGG_ma20,SPY_ma20
2019-01-31,88.78352355957031,243.47451782226562,0.0029859365182518527,0.008782782279669332,0.001773802106740717,0.011768798207423868,88.1036205291748,235.0593704223633
2019-02-01,88.5997314453125,243.5917510986328,-0.002070115116961979,0.00048150121587986483,0.001626589529061642,0.009852212741851867,88.11301612854004,236.22519073486328
2019-02-04,88.52516174316406,245.30555725097656,-0.0008416470448837643,0.007035567274401799,0.0014750749449590507,0.0072769330613428156,88.13190422058105,237.1077911376953
2019-02-05,88.71566772460938,246.33380126953125,0.0021519981177557934,0.004191686605381939,0.00146430970499074,0.0072135079478246105,88.16775245666504,237.95205688476562
2019-02-06,88.66596221923828,246.00909423828125,-0.0005602787720133673,-0.0013181586512956978,0.0014569613486074431,0.007156607069251687,88.20442123413086,238.67229843139648
2019-02-07,88.70738983154297,243.66392517089844,0.0004672324223160551,-0.009532855176123345,0.0014535470628249014,0.007672933342789471,88.23944358825683,239.2211601257324
2019-02-08,88.90618133544922,243.96156311035156,0.0022409801966190024,0.0012215100747654528,0.001462748759471486,0.007671402953883581,88.28936157226562,239.74386291503907
2019-02-11,88.81503295898438,244.09690856933594,-0.001025219788947318,0.0005547818978481889,0.0014898933506576663,0.007669374103271159,88.32852592468262,240.26882400512696
2019-02-12,88.83163452148438,247.2357635498047,0.0001869228884672225,0.01285905257410147,0.0014269160085254408,0.007756909812735816,88.37471656799316,241.02198333740233
2019-02-13,88.67426300048828,248.03851318359375,-0.0017715707005034886,0.0032468993250134304,0.0015156995199761287,0.007508694271333915,88.41221351623535,241.6822380065918
2019-02-14,88.8067855834961,247.4884033203125,0.0014944875606925923,-0.0022178405128322476,0.001532010122017054,0.007591101478420346,88.45261764526367,242.286572265625
2019-02-15,88.873046875,250.18536376953125,0.0007461287002850092,0.010897320492743168,0.0015061567485673102,0.007741684271254556,88.49964065551758,242.93645935058595
2019-02-19,88.92271423339844,250.61834716796875,0.0005588573830297427,0.001730650394226707,0.001475507428956364,0.007328364374881031,88.55245246887208,243.4501480102539
2019-02-20,88.93106079101562,251.12338256835938,9.38630550040287e-05,0.0020151573342399587,0.0014784471962597397,0.006341304265054938,88.60196189880371,244.15144424438478
2019-02-21,88.73223114013672,250.23043823242188,-0.0022357728459593273,-0.0035557992521640935,0.0015992597554065435,0.006502730929553351,88.63698616027833,244.7832893371582
2019-02-22,88.95584106445312,251.78184509277344,0.0025200529891247214,0.0061999126537537474,0.0016447214399816727,0.006530634128423896,88.67575569152832,245.48639297485352
2019-02-25,88.93106079101562,252.1245574951172,-0.0002785682552262081,0.001361148188494088,0.001639750730642661,0.006404033529529501,88.71535110473633,246.1060592651367
2019-02-26,89.03042602539062,251.94424438476562,0.0011173287880654748,-0.0007151747221412208,0.0016282164097592112,0.00600253968516856,88.76239356994628,246.80781326293945
2019-02-27,88.83993530273438,251.8359375,-0.002139613738363133,-0.000429884338219777,0.0016541986596794818,0.005972681025664721,88.7883430480957,247.5199333190918
2019-02-28,88.68254852294922,251.36695861816406,-0.0017715769293261685,-0.001862239704513713,0.0016487275264579664,0.005225172081982608,88.79650993347168,248.0205436706543
2019-03-01,88.53887939453125,252.93649291992188,-0.0016200383368638605,0.0062439960700722,0.0015416456762056636,0.0050818009219284165,88.78427772521972,248.4936424255371
2019-03-04,88.64683532714844,252.01634216308594,0.0012193053871409898,-0.003637872677894838,0.0014994251051845759,0.005224660646273539,88.78663291931153,248.91487197875978
2019-03-05,88.70496368408203,251.67355346679688,0.0006557296345557351,-0.0013601843965628246,0.0014910956128916261,0.005110660658205896,88.79562301635742,249.23327178955077
2019-03-06,88.8377914428711,250.14913940429688,0.00149741066646647,-0.006057108669151878,0.0014503698552413562,0.0053146318536259896,88.80172920227051,249.42403869628907
2019-03-07,89.08690643310547,248.05665588378906,0.0028041555985165445,-0.008364943911023826,0.001564099307987298,0.005682087800138233,88.82277641296386,249.52641677856445
2019-03-08,89.20314025878906,247.56044006347656,0.0013047240086945244,-0.0020004132465003543,0.0015816713566774326,0.005217634429995026,88.84756393432617,249.72124252319335
2019-03-11,89.21146392822266,251.15042114257812,9.331139474966221e-05,0.01450143277407756,0.001512931420484956,0.006051589507981367,88.86282806396484,250.0806854248047
2019-03-12,89.37753295898438,252.09756469726562,0.0018615211930086417,0.0037712202527018235,0.0015302543343604107,0.006068689414917119,88.89095306396484,250.48071823120117
2019-03-13,89.33604431152344,253.76620483398438,-0.0004641954872481868,0.006619025212411644,0.001540058427311491,0.005603657132894103,88.91617355346679,250.80724029541017
2019-03-14,89.20314025878906,253.60382080078125,-0.0014876867871038701,-0.0006398962119852358,0.0015213071875786052,0.005600684507395746,88.94261741638184,251.08550567626952
2019-03-15,89.42733764648438,254.8568572998047,0.002513335147674045,0.004940921217459815,0.0015794136199383745,0.005604561208031348,88.97364501953125,251.45392837524415
2019-03-18,89.41075897216797,255.78094482421875,-0.000185387094737699,0.0036259080261944465,0.0015808332756419793,0.005181586761235513,89.00053062438965,251.73370742797852
2019-03-19,89.36091613769531,255.8443145751953,-0.000557459024457807,0.0002477500856059578,0.001590992730801766,0.005182987680862535,89.02244071960449,251.99500579833983
2019-03-20,89.72628784179688,255.07424926757812,0.004088719318170009,-0.003009898065922667,0.0018068748328163708,0.005254791214381604,89.06220207214355,252.1925491333008
2019-03-21,89.74287414550781,257.95526123046875,0.00018485445135296708,0.011294797382186417,0.0016953613749421904,0.005642721834006343,89.11273422241212,252.57879028320312
2019-03-22,90.19129943847656,252.99061584472656,0.004996778822145664,-0.019246148971958976,0.0019209184461949254,0.007191947379312827,89.17450714111328,252.63922882080078
2019-03-25,90.35733032226562,252.80030822753906,0.0018408747276372761,-0.0007522319219314122,0.0019230388833353096,0.0071905062550892615,89.24582061767578,252.6730163574219
2019-03-26,90.3739242553711,254.6846923828125,0.00018364789050639985,0.0074540421587514505,0.0019261991978898297,0.0073681027308371795,89.3129955291748,252.8100387573242
2019-03-27,90.56492614746094,253.35289001464844,0.0021134624136729396,-0.005229220318283767,0.0018222531272599214,0.007479585197190111,89.39924507141113,252.88588638305663
2019-03-28,90.57324981689453,254.3131866455078,9.190831139238576e-05,0.003790351990079266,0.0017198017486314645,0.007499279784900913,89.4937801361084,253.03319778442383
2019-03-29,90.56492614746094,255.9167938232422,-9.189986503099767e-05,0.006305639117210493,0.001626007179902034,0.007501729639245706,89.59508247375489,253.18221282958984
2019-04-01,90.15040588378906,258.9517822265625,-0.004577050755796286,0.011859278001960849,0.0020666937045043746,0.007832638714026334,89.67026100158691,253.52898483276368
2019-04-02,90.25027465820312,259.07861328125,0.0011078017168641985,0.000489786374887835,0.002067005976650055,0.007809371214627187,89.74752655029297,253.89923782348632
2019-04-03,90.08381652832031,259.4862976074219,-0.0018444057983559858,0.001573593130704598,0.0021468042543968,0.007605498171890911,89.80982780456543,254.36609573364257
2019-04-04,90.15040588378906,260.1747741699219,0.0007391933205651569,0.002653228971425614,0.002089103511955132,0.007214765653401692,89.86300277709961,254.9720016479492
2019-04-05,90.21697998046875,261.4341735839844,0.0007384780581631833,0.004840590015233293,0.0020828149532240796,0.007156470930209885,89.9136947631836,255.66568832397462
2019-04-08,90.1753921508789,261.6334228515625,-0.0004609756345074212,0.0007621393364403151,0.002093116001986892,0.0066079192601637025,89.9618911743164,256.1898384094238
2019-04-09,90.22528839111328,260.2926330566406,0.0005533243498503371,-0.005124688506187414,0.0020699432698611867,0.006784254891769497,90.00427894592285,256.5995918273926
2019-04-10,90.40010833740234,261.1804504394531,0.0019375936547993966,0.003410843297356525,0.0020822723770884846,0.006697273812200503,90.0574821472168,256.97030410766604
2019-04-11,90.29190063476562,261.10791015625,-0.0011969864265301,-0.00027774009532899324,0.002067940056822478,0.006691778058616966,90.11192016601562,257.34550857543945
2019-04-12,90.11713409423828,262.87457275390625,-0.0019355727291009428,0.00676602480790045,0.002091436163328553,0.006753610647194575,90.14640998840332,257.7463943481445
2019-04-15,90.1004867553711,262.7025146484375,-0.0001847300076118774,-0.0006545254783155707,0.002091426714431129,0.006752910100189248,90.18089637756347,258.0924728393555
2019-04-16,89.94234466552734,262.87457275390625,-0.0017551746448730698,0.0006549541625020527,0.0021365360703413504,0.006750000739074845,90.20996780395508,258.443985748291
2019-04-17,89.93399047851562,262.2313537597656,-9.288380287153508e-05,-0.0024468665318299054,0.0019450094458640988,0.006731886995907564,90.22035293579101,258.8018409729004
2019-04-18,90.050537109375,262.7477111816406,0.0012959130384324613,0.0019690910887339985,0.0019628224443932044,0.006321357505479779,90.23573608398438,259.041463470459
2019-04-22,89.94234466552734,262.9742736816406,-0.0012014636149948466,0.0008622815360830316,0.0016205867796079876,0.004177277969146704,90.22328834533691,259.5406463623047
2019-04-23,90.1004867553711,265.3388366699219,0.0017582606994719363,0.008991613343683147,0.001615377108173471,0.004407944646532095,90.21044616699218,260.16757278442384
2019-04-24,90.30856323242188,264.75,0.00230938238564371,-0.0022191876519545017,0.001705298131583518,0.004358377840060134,90.20717811584473,260.6708381652832
2019-04-25,90.30023193359375,264.58685302734375,-9.225369699084052e-05,-0.0006162303027620331,0.0016286552656519634,0.004071108500824351,90.19394340515137,261.23253631591797
2019-04-26,90.48335266113281,265.81903076171875,0.0020279098250126637,0.004656987753838493,0.0016994758697018498,0.004093705677705342,90.18944854736328,261.80782852172854
2019-04-29,90.32523345947266,266.2356872558594,-0.0017474949480743573,0.0015674441854169885,0.0017415137900987218,0.00398053073478937,90.17746391296387,262.3237731933594
2019-04-30,90.38346099853516,266.37158203125,0.0006446431061661873,0.0005104303513601138,0.0013972920912014263,0.0032387633667406938,90.18911666870117,262.69476318359375
2019-05-01,90.44184875488281,264.36944580078125,0.0006460004485622228,-0.00751632818786907,0.0013840368421321465,0.0038048842757790777,90.19869537353516,262.9593048095703
2019-05-02,90.24163055419922,263.7986145019531,-0.0022137782833943076,-0.002159218124087925,0.0014135949167563971,0.003867247385036315,90.2065860748291,263.1749206542969
2019-05-03,90.39179229736328,266.3807373046875,0.0016639963422855342,0.009788234891261238,0.0014506412728412228,0.004343869426064562,90.21865539550781,263.48521881103517
2019-05-06,90.50862121582031,265.284423828125,0.0012924726403553688,-0.004115588415496196,0.001467962705115744,0.004408699827123553,90.2332374572754,263.6777313232422
2019-05-07,90.6170883178711,260.8543395996094,0.0011984173506758289,-0.016699375578061892,0.0014777365473920183,0.005885750152209835,90.255322265625,263.6387771606445
2019-05-08,90.60038757324219,260.4919128417969,-0.00018430016831172402,-0.0013893836628089407,0.0014788507237753971,0.005777269051448083,90.27407722473144,263.6487411499023
2019-05-09,90.6504898071289,259.70367431640625,0.0005530024233750819,-0.0030259616000798406,0.0014250770145135196,0.00575969794467109,90.28659629821777,263.57490234375
2019-05-10,90.66715240478516,261.00836181640625,0.00018381144648760284,0.0050237544903213305,0.0013899474345449823,0.0058799482516595355,90.30535888671875,263.56992492675784
2019-05-13,90.81732940673828,254.44908142089844,0.001656355118363706,-0.025130537389149277,0.0013290804681399483,0.00791943625363178,90.34036865234376,263.1486503601074
2019-05-14,90.89239501953125,256.7502136230469,0.000826556046993776,0.009043586203174359,0.0013253800505658522,0.008269383118794256,90.37996406555176,262.8510353088379
2019-05-15,91.05095672607422,258.2541198730469,0.0017444991575905622,0.005857468349405037,0.0012493634734367664,0.008408562862399025,90.43539466857911,262.6200126647949
2019-05-16,90.94247436523438,260.6459655761719,-0.0011914466881024488,0.009261597469580662,0.0013049638083202928,0.00869443446361263,90.48581886291504,262.5407432556152
2019-05-17,90.96747589111328,258.96075439453125,0.00027491583062166924,-0.006465517998390569,0.0012945279526324048,0.00878436285678993,90.53166580200195,262.3513954162598
2019-05-20,90.84233856201172,257.2485656738281,-0.0013756271444901325,-0.006611769125813516,0.0013071531013880311,0.008873436911251207,90.57666549682617,262.06511001586915
2019-05-21,90.8340072631836,259.5678405761719,-9.171162874055394e-05,0.009015696146910335,0.0012784767412462655,0.00887487458273942,90.6133415222168,261.7765602111816
2019-05-22,90.98416900634766,258.7705078125,0.001653144540116891,-0.0030717702235454336,0.0012347357789241392,0.008882773687777248,90.64712181091309,261.47758560180665
2019-05-23,91.25118255615234,255.60879516601562,0.002934725378280545,-0.012218210928330753,0.0013543684511567176,0.009221631462989367,90.69466934204101,261.02868270874023
2019-05-24,91.28455352783203,256.1885681152344,0.0003657045393263836,0.0022682042252974988,0.0013074645032726626,0.009150375591059202,90.73472938537597,260.547159576416
2019-05-28,91.41803741455078,253.80589294433594,0.0014622833936308588,-0.009300474210959697,0.001218578204322462,0.009261683560137061,90.78936958312988,259.92566986083983
2019-05-29,91.44309997558594,252.10267639160156,0.0002741533481134262,-0.006710705307019449,0.0012207129401433784,0.009285161148198131,90.84235153198242,259.21222457885744
2019-05-30,91.68502044677734,252.7912139892578,0.002645584754410013,0.002731179246136639,0.0013050589265688453,0.009288590684738364,90.90451011657714,258.63331298828126
2019-05-31,92.11054229736328,249.38479614257812,0.004641127291158176,-0.0134752224688649,0.001400706817467775,0.009624830862872318,90.99795570373536,257.9126220703125
2019-06-03,92.32798767089844,248.75057983398438,0.0023607001773278125,-0.002543123391656743,0.0014258366638672962,0.009162466783640605,91.0947654724121,257.03111419677737
2019-06-04,92.24434661865234,254.150146484375,-0.0009059122196427571,0.021706750006348807,0.0014903491847562344,0.010737088233542616,91.18155174255371,256.47440032958986
2019-06-05,92.19416046142578,256.3517150878906,-0.0005440567261432161,0.00866247229824424,0.001525655754510627,0.010413222856255875,91.26040534973144,256.24926910400393
2019-06-06,92.17743682861328,258.01861572265625,-0.00018139579262721472,0.006502397045380137,0.001525550837939823,0.010539215398448609,91.3392578125,256.1256042480469
2019-06-07,92.4366455078125,260.6006164550781,0.002812062128405346,0.010007032729751897,0.001583806408607574,0.010770255579221462,91.42856559753417,256.17045135498046
2019-06-10,92.19416046142578,261.7964782714844,-0.002623256664655016,0.0045888679492529505,0.0017711231458057354,0.01076049753939414,91.50491600036621,256.20985717773436
2019-06-11,92.17743682861328,261.7330627441406,-0.00018139579262721472,-0.0002422321635586755,0.0017740422822319943,0.008965643230429312,91.57292137145996,256.5740562438965
2019-06-12,92.29450225830078,261.27105712890625,0.0012700009212140984,-0.001765178653359567,0.001777881764115257,0.008808227296441073,91.64302673339844,256.80009841918945
2019-06-13,92.49523162841797,262.34912109375,0.002174878949511072,0.004126228051015479,0.0017928746186709268,0.008765449142141902,91.71524047851562,257.0048484802246
2019-06-14,92.47018432617188,262.05926513671875,-0.0002707956054072147,-0.0011048482107460789,0.0017506797870057002,0.00854390775540679,91.7916259765625,257.075513458252
2019-06-17,92.4450912475586,262.15887451171875,-0.00027136399474203543,0.00038010247395003915,0.001764084293394056,0.0083942072425072,91.86550674438476,257.2354194641113
2019-06-18,92.69593811035156,264.9039306640625,0.002713468713241074,0.01047096405741188,0.0017344646095875445,0.00848531835563519,91.95818672180175,257.61818771362306
2019-06-19,93.01376342773438,265.5019226074219,0.0034286865623438523,0.002257391733902603,0.0017941753678025003,0.008302932754802423,92.06717453002929,257.91489181518557
2019-06-20,93.17266845703125,268.0385437011719,0.0017084033958085776,0.009554059228040757,0.0017949718731659352,0.008442775697222044,92.17659950256348,258.37829360961916
2019-06-21,92.93011474609375,267.64892578125,-0.002603271055281242,-0.0014535891537906798,0.0019335739762899036,0.007822783336564507,92.26054611206055,258.98030014038085
2019-06-24,93.09737396240234,267.3211669921875,0.0017998386934696686,-0.0012245847357906792,0.0019387643035021131,0.007863189294127652,92.35118713378907,259.5369300842285
2019-06-25,93.11410522460938,264.6993713378906,0.0001797178748972339,-0.00980766201119232,0.0019433694815406436,0.007902808046868584,92.435990524292,260.08160400390625
2019-06-26,92.9050064086914,264.43536376953125,-0.0022456191294926153,-0.0009973864577954572,0.002065384191016527,0.0076660188323509565,92.50908584594727,260.69823837280273
2019-06-27,93.16426849365234,265.3730163574219,0.0027906147901270995,0.003545866840668932,0.0020724645979715768,0.007669930203452116,92.58304824829102,261.32732849121095
2019-06-28,93.12249755859375,266.7386474609375,-0.00044835789229047407,0.005146081249181256,0.001879848282338132,0.0067030888568395345,92.63364601135254,262.1950210571289
2019-07-01,93.19122314453125,269.16015625,0.0007380127008971282,0.009078207496786117,0.001831907363047974,0.006665253271108663,92.67680778503419,263.2154998779297
2019-07-02,93.35884094238281,269.861083984375,0.0017986436082249035,0.0026041288730860312,0.0018250363009280756,0.005197030132223499,92.7325325012207,264.0010467529297
2019-07-03,93.50968170166016,272.0187072753906,0.0016157094256390447,0.007995310991712135,0.0018175212111649082,0.005160898075783763,92.79830856323242,264.7843963623047
2019-07-05,93.11575317382812,271.709228515625,-0.004212703119756633,-0.0011377113098780534,0.0021199798707420845,0.005169439232501099,92.84522438049316,265.46892700195315
2019-07-08,93.06546783447266,270.21624755859375,-0.0005400304206485407,-0.005494774561716431,0.002059947206545153,0.005162707914474032,92.87666549682618,265.94970855712893
2019-07-09,93.04032135009766,270.5530090332031,-0.0002702020949352235,0.0012462665648420579,0.0019457632299848277,0.005122505842742104,92.91897354125976,266.38753509521484
2019-07-10,93.10741424560547,271.84576416015625,0.0007211163346625415,0.004778195339880664,0.0019405952471353988,0.005147392819844612,92.96547241210938,266.89317016601564
2019-07-11,92.76371002197266,272.4830627441406,-0.0036914807098623603,0.00234433884211227,0.0021439653519885284,0.005074476454081461,92.98893280029297,267.45377044677736
2019-07-12,92.86428833007812,273.702880859375,0.0010842419743846143,0.004476675001189978,0.0021061196407149273,0.005082384508136837,93.00738563537598,268.0214584350586
2019-07-15,92.99842071533203,273.7939758300781,0.0014443914627024768,0.00033282430355541237,0.002120757097198021,0.005044204942499284,93.03379745483399,268.6081939697266
2019-07-16,92.8978500366211,272.9108581542969,-0.001081423511682944,-0.003225482493191656,0.0021396333990249096,0.005175570318310262,93.0564353942871,269.14579315185546
2019-07-17,93.14089965820312,271.0537414550781,0.0026163105118817143,-0.006804847237586897,0.002133839922120313,0.00513314538040356,93.07868347167968,269.4532836914062
2019-07-18,93.29180145263672,272.0460205078125,0.0016201453388076104,0.0036608203502654924,0.002027334486501735,0.005158457204537617,93.0925853729248,269.7804885864258
2019-07-19,93.18280792236328,270.5348205566406,-0.0011683077031026112,-0.005554942315829536,0.0020130374907524878,0.004978588924068056,93.09309234619141,269.9053024291992
2019-07-22,93.30014038085938,271.1993408203125,0.0012591642290264993,0.0024563206403693805,0.0019330875363533617,0.004975621552855087,93.1115936279297,270.0828231811523
2019-07-23,93.20793914794922,273.138427734375,-0.0009882218026016076,0.007150042873250495,0.001912096831442363,0.005156801306119989,93.11712188720703,270.3736862182617
2019-07-24,93.34208679199219,274.4220275878906,0.0014392298045560192,0.004699448057026601,0.0019367914274786091,0.004524883656650413,93.12852096557617,270.85981903076174
2019-07-25,93.1996078491211,273.1111755371094,-0.0015264169440372122,-0.004776774161693087,0.001896740827726825,0.004723092303766485,93.14325103759765,271.2936096191406
2019-07-26,93.21634674072266,274.9409484863281,0.00017960259691940372,0.006699736638825726,0.0017931798317851197,0.0048417264690211155,93.14585494995117,271.7720062255859
2019-07-29,93.2582778930664,274.4402160644531,0.00044982617115829626,-0.001821236249571978,0.0017918297795977783,0.004837717365703012,93.1526439666748,272.1570846557617
2019-07-30,93.2498779296875,273.76666259765625,-9.007204045241579e-05,-0.0024542812145239568,0.0017852432499332529,0.00455800164368785,93.15557670593262,272.38740997314454
2019-07-31,93.29180145263672,270.771484375,0.00044958260407401696,-0.010940624377841601,0.0017399297757617932,0.005240212919069975,93.15222473144532,272.4329299926758
2019-08-01,94.02273559570312,268.41375732421875,0.007834923666228955,-0.008707442204349602,0.0024579642397575202,0.005260299124397713,93.17787742614746,272.2526824951172
2019-08-02,94.05636596679688,266.3926696777344,0.00035768339307162833,-0.0075297468603410245,0.0022195251773561306,0.005480815303299255,93.2249080657959,271.98685455322266
2019-08-05,94.46800994873047,258.3813781738281,0.004376566941560522,-0.030073243057317733,0.0023651840126636156,0.008481889561022866,93.29503517150879,271.3951110839844
2019-08-06,94.72002410888672,262.00457763671875,0.002667719583518524,0.014022680304975665,0.0023895406420002853,0.009205546039877046,93.37902030944824,270.96768951416016
2019-08-07,94.66966247558594,262.1594543457031,-0.0005316894054301358,0.000591122149014911,0.002410740814147025,0.009100749618089465,93.45713272094727,270.4833740234375
2019-08-08,94.76204681396484,267.30291748046875,0.0009758600164306852,0.019619598109107628,0.0021626316284475353,0.010258267434956819,93.55704956054687,270.22436676025393
2019-08-09,94.63601684570312,265.4822998046875,-0.0013299624955246392,-0.006811065486833967,0.0022280895500393157,0.010256879395735996,93.64563598632813,269.8133377075195
2019-08-12,94.98051452636719,262.2504577636719,0.0036402385914628965,-0.012173474628603298,0.002306570156962347,0.010518849832786736,93.74474067687989,269.23616180419924
2019-08-13,94.84609985351562,266.3288879394531,-0.001415181561416401,0.015551660845742221,0.0023240014022416497,0.011227112940674477,93.8421531677246,268.90706329345704
2019-08-14,95.14012908935547,258.4542541503906,0.0031000667006229055,-0.029567328764023237,0.0023436955114288617,0.012863917866120149,93.94211463928222,268.27708892822267
2019-08-15,95.57703399658203,259.1369323730469,0.004592225293453378,0.00264138899512556,0.0024714848309880747,0.01284106378946538,94.05637626647949,267.6316345214844
2019-08-16,95.50144958496094,262.96051025390625,-0.0007908218999953531,0.014755048019766903,0.0024537144192886993,0.013366508297379561,94.17230834960938,267.25291900634767
2019-08-19,95.24937438964844,266.12860107421875,-0.0026394907764016873,0.01204778168879228,0.0026018751004153284,0.013678068760322725,94.26977005004883,266.99938201904297
2019-08-20,95.50981903076172,264.08935546875,0.0027343449002388276,-0.007662632265894809,0.0025824056949130185,0.013622791686571892,94.38486404418946,266.5469284057617
2019-08-21,95.45940399169922,266.23785400390625,-0.0005278518960052381,0.00813549842379202,0.0026110657329118624,0.013727607923937088,94.4907299041748,266.1377197265625
2019-08-22,95.2073745727539,266.1559753417969,-0.002640173816371494,-0.00030753952106366,0.002681524674579653,0.013706494687677448,94.59111824035645,265.7899597167969
2019-08-23,95.59383392333984,259.319091796875,0.004059132523296594,-0.025687507245110597,0.0027531135191067946,0.014607728536854247,94.70999259948731,265.00886688232424
2019-08-26,95.55180358886719,262.186767578125,-0.0004396762086805728,0.011058483050280898,0.0027740573611766146,0.014934263716689492,94.82466888427734,264.3961944580078
2019-08-27,95.85425567626953,261.157958984375,0.0031653205490889125,-0.003923953154666537,0.0027886611668131722,0.014939327286665796,94.95488777160645,263.76575927734376
2019-08-28,95.8626708984375,262.9969787597656,8.779184720175692e-05,0.007041791039194889,0.0027961907930057913,0.014929763565009156,95.08343124389648,263.37703399658204
2019-08-29,95.80387115478516,266.3562316894531,-0.000613374769357744,0.012772971558566937,0.0023733269349068297,0.01514364476341753,95.17248802185058,263.27415771484374
2019-08-30,95.88787841796875,266.23785400390625,0.0008768671053789312,-0.00044443369992142046,0.002369442063116889,0.015047566237929237,95.26406364440918,263.2664169311523
2019-09-03,95.86515045166016,264.6811218261719,-0.00023702648013046446,-0.005847148158396487,0.0022411789526519984,0.013374672538753131,95.33392066955567,263.5814041137695
2019-09-04,96.03357696533203,267.6853332519531,0.0017569107530561734,0.011350304868944283,0.002208897349553954,0.013253580271071526,95.39959831237793,263.8654418945313
2019-09-05,95.62094116210938,271.12652587890625,-0.004296786772522432,0.012855364861227514,0.0024642805427590266,0.0135073092421764,95.4471622467041,264.3137954711914
2019-09-06,95.72203063964844,271.3359069824219,0.0010571897359563653,0.0007722634398714678,0.0024651689931984265,0.012837313917066186,95.49516143798829,264.51544494628905
2019-09-09,95.31777954101562,271.47247314453125,-0.004223177213557472,0.0005033103197735755,0.0026561313476782767,0.012711811516136394,95.52924957275391,264.81495361328126
2019-09-10,94.80410766601562,271.4088134765625,-0.005389045752780763,-0.0002344976904338214,0.0028312431177408884,0.012325512454935487,95.52042922973632,265.27287139892576
2019-09-11,94.8209228515625,273.3387145996094,0.00017736768965859184,0.007110679636103789,0.002814330218376284,0.011968862763874676,95.51917037963867,265.6233627319336
2019-09-12,94.66937255859375,274.2855529785156,-0.0015982790339005293,0.0034639746524498527,0.0027361097060697717,0.009499674549657956,95.49563255310059,266.41492767333983
2019-09-13,94.10517883300781,274.10345458984375,-0.00595962252983917,-0.0006639007658056917,0.0027714977430446657,0.009535292962396507,95.42203979492187,267.1632537841797
2019-09-16,94.35777282714844,273.25677490234375,0.002684166772467078,-0.003088905569493594,0.002877168673560543,0.009191831537262123,95.36485595703125,267.6780670166016
2019-09-17,94.50094604492188,273.9487609863281,0.0015173441835651946,0.0025323656997404687,0.002872090516612861,0.008883432448908856,95.32743453979492,268.069075012207
2019-09-18,94.61042785644531,274.11260986328125,0.00115852609000755,0.0005981004490154262,0.002802630951200287,0.00862388774192427,95.2824649810791,268.5702377319336
2019-09-19,94.74515533447266,274.09429931640625,0.0014240235572315907,-6.679935988396224e-05,0.002834287311889967,0.008505967107254153,95.24675254821777,268.9630599975586
2019-09-20,95.09041595458984,272.79937744140625,0.0036440978844600735,-0.0047243663156423255,0.0029166999507689475,0.008611765491687653,95.24090461730957,269.29523010253905
2019-09-23,95.13249969482422,272.7352600097656,0.00044256552894328394,-0.00023503510983780007,0.0027557183673968875,0.005859359838828959,95.21783790588378,269.9660385131836
2019-09-24,95.39356231689453,270.5951843261719,0.0027442001724728993,-0.007846714368787922,0.0028343124620335983,0.005937466262919568,95.20992584228516,270.38645935058594
2019-09-25,94.997802734375,272.1956787109375,-0.004148703255308028,0.005914718655289919,0.0028653524542027356,0.005863144459140859,95.16710319519044,270.93834533691404
2019-09-26,95.15779113769531,271.62872314453125,0.0016841274083745361,-0.0020828970139835645,0.002902954458912809,0.00581219147825266,95.13185920715333,271.3699325561523
2019-09-27,95.27567291259766,270.1653747558594,0.0012388031867172078,-0.0053873109284294785,0.002924078440063136,0.0053827616767126735,95.10544929504394,271.56038970947264
2019-09-30,95.30091857910156,271.41827392578125,0.00026497494829635926,0.00463752681502605,0.0029146074113903615,0.005444301470714198,95.07610130310059,271.8194107055664
2019-10-01,95.47395324707031,268.1898498535156,0.0018156663183170885,-0.011894645211502741,0.0029529393728938364,0.005984463715519362,95.0565414428711,271.9948471069336
2019-10-02,95.54148864746094,263.4524230957031,0.0007073698961208574,-0.017664452105104145,0.002925525759919848,0.006730848676072326,95.03193702697754,271.78320159912107
2019-10-03,95.91283416748047,265.61083984375,0.003886746221735793,0.008192814181340102,0.00290234170304202,0.006300916647235711,95.0465316772461,271.5074172973633
2019-10-04,96.06477355957031,269.20501708984375,0.001584140364620401,0.013531741581812362,0.002913320391829898,0.0070875309546045715,95.06366882324218,271.4008728027344
2019-10-07,95.80311584472656,268.0435791015625,-0.002723763406171975,-0.004314325196597801,0.0028114844181442522,0.0071379684837139575,95.08793563842774,271.22942810058595
2019-10-08,95.83684539794922,263.88226318359375,0.00035207156808270135,-0.015524773739840292,0.0024778937316756924,0.007876171944859294,95.13957252502442,270.8531005859375
2019-10-09,95.7862319946289,266.3881530761719,-0.0005281205063684125,0.009496242234494856,0.002488398801887011,0.008028053183181056,95.18783798217774,270.5055725097656
2019-10-10,95.45709228515625,268.1898498535156,-0.003436190177009024,0.006763426813611195,0.002601693250599775,0.008162926584651987,95.22722396850585,270.20078735351564
2019-10-11,95.14479064941406,270.9701232910156,-0.0032716441310537414,0.010366810820836792,0.0023077390082376988,0.008556490775724696,95.27920455932617,270.0441207885742
2019-10-14,95.30516815185547,270.6683654785156,0.0016856151697506316,-0.0011136202354526947,0.0022696702800098765,0.008536896671168255,95.32657432556152,269.9147003173828
2019-10-15,94.99290466308594,273.34814453125,-0.0032764591346398086,0.009900599384774056,0.0024058519649904596,0.008826060694026791,95.35117225646972,269.8846694946289
2019-10-16,95.16168212890625,272.9090881347656,0.001776737603918166,-0.001606216853007325,0.002421889367480865,0.008831005723325482,95.37873497009278,269.8244934082031
2019-10-17,95.1363525390625,273.7138977050781,-0.0002661742549846524,0.002949002452842686,0.0024098164935373043,0.008858795634701384,95.39829483032227,269.8054733276367
2019-10-18,95.20384979248047,272.51580810546875,0.0007094790962294262,-0.0043771602744859806,0.0022752203105492214,0.008849451608351948,95.40396652221679,269.79129486083986
2019-10-21,94.94224548339844,274.36328125,-0.0027478333035088065,0.006779324683492183,0.0023574940180540525,0.008978317247473543,95.3944538116455,269.87269592285156
2019-10-22,95.085693359375,273.4670104980469,0.0015108961795267106,-0.0032667299642638037,0.0022945420142920707,0.008815558689730316,95.37906036376953,270.0162872314453
2019-10-23,95.16168212890625,274.2626037597656,0.0007991609131359212,0.0029092842323825696,0.0021002622474117047,0.008744899250627993,95.38725433349609,270.11963348388673
2019-10-24,95.18701171875,274.7108459472656,0.00026617425498476344,0.0016343540145655755,0.0020672294842398278,0.008728508716757647,95.38871536254882,270.27373962402345
2019-10-25,95.052001953125,275.83575439453125,-0.0014183633164566167,0.00409488181431894,0.0020699833224419764,0.008643250652022573,95.37753181457519,270.55725860595703
2019-10-28,94.84939575195312,277.3905029296875,-0.0021315300783647517,0.005636501107584735,0.002115660385713161,0.00866777529659612,95.35495567321777,270.85587005615236
2019-10-29,94.85783386230469,277.3081970214844,8.896324836515923e-05,-0.00029671494638006113,0.0020621139325883637,0.00812166953652563,95.32414970397949,271.3117874145508
2019-10-30,95.12791442871094,278.1587829589844,0.00284721414573208,0.00306729460807853,0.0021709538990135253,0.006721831635161781,95.303470993042,272.04710540771487
2019-10-31,95.49928283691406,277.4179382324219,0.0039038846844627884,-0.0026633878631534547,0.0021726607249354297,0.006696710250101243,95.28279342651368,272.63746032714846
2019-11-01,95.52548217773438,279.9879150390625,0.00027434070751142237,0.009263917189404891,0.0021350284706561917,0.006376924664754829,95.25582885742188,273.1766052246094
2019-11-04,95.28861236572266,281.11279296875,-0.0024796505247782763,0.004017594579146522,0.002120969678452312,0.006213813848930757,95.23010368347168,273.83006591796874
2019-11-05,94.93333435058594,280.80181884765625,-0.0037284414823163248,-0.001106225432893515,0.0022505782966121394,0.0046689082502368315,95.18492813110352,274.67604370117186
2019-11-06,95.07720947265625,280.86590576171875,0.0015155384887144407,0.00022822827261403944,0.002293831461251423,0.004458180144775319,95.14947700500488,275.3999313354492
2019-11-07,94.62886810302734,281.8536376953125,-0.004715550362864307,0.0035167384624879006,0.002399285187806457,0.004358867298828174,95.10806579589844,276.08312072753904
2019-11-08,94.57811737060547,282.5487365722656,-0.000536313425693935,0.00246616961426116,0.0023050613113132857,0.003946593572862537,95.07973213195801,276.66205139160155
2019-11-11,94.59500885009766,282.0091247558594,0.00017859817854048998,-0.0019098008469354832,0.002261082492713552,0.003984566028399086,95.04422416687012,277.2290893554688
2019-11-12,94.696533203125,282.60357666015625,0.0010732527462229413,0.0021079172697391346,0.002174488661676778,0.003533143133483308,95.02940559387207,277.6918609619141
2019-11-13,94.86571502685547,282.6950378417969,0.001786568293556945,0.0003236377356632403,0.0021749491252743675,0.003464580981795628,95.01460723876953,278.1811584472656
2019-11-14,95.13643646240234,283.10662841796875,0.0028537331476417016,0.0014559526028972147,0.0022759806219103383,0.003453880097286177,95.01461143493653,278.65079498291016
2019-11-15,95.08565521240234,285.1552734375,-0.0005337728833271216,0.007236301851988758,0.0022726308489959116,0.0033542502563805626,95.00870170593262,279.2827682495117
2019-11-18,95.26333618164062,285.3656005859375,0.0018686411619226462,0.000737588142425194,0.0022190397904623153,0.00319551980558829,95.02475624084472,279.83288421630857
2019-11-19,95.33092498779297,285.2832336425781,0.0007094944273573489,-0.0002886365532154267,0.0022007346198639807,0.003002054581934061,95.03701782226562,280.42369537353517
2019-11-20,95.55933380126953,284.2223205566406,0.002395957172405705,-0.003718806297837607,0.002254553502265472,0.0032648636204641417,95.0569004058838,280.9216812133789
2019-11-21,95.42399597167969,283.7650451660156,-0.0014162701246044351,-0.0016088651648802355,0.0022835848903375207,0.0033523803546449747,95.06874961853028,281.37439117431643
2019-11-22,95.4747543334961,284.3961181640625,0.0005319245049375532,0.0022239278896301062,0.0022555988440298744,0.0033056990746672134,95.08988723754882,281.80240936279296
2019-11-25,95.56780242919922,286.6003112792969,0.0009745832430017032,0.007750433196710649,0.002190856700534244,0.0034733072303554826,95.12580757141113,282.2628997802734
2019-11-26,95.70315551757812,287.2496032714844,0.0014163042880386278,0.0022654964654060805,0.0022016657642825554,0.0034452461336406666,95.1680736541748,282.7599700927734
2019-11-27,95.58473205566406,288.530029296875,-0.0012374039421543248,0.0044575380115685626,0.0021561800980553114,0.003486611578206746,95.19091453552247,283.27853240966795
2019-11-29,95.46632385253906,287.45989990234375,-0.00123877737143252,-0.003708901278452914,0.001997257817555254,0.003564616051225824,95.18926658630372,283.78063049316404
2019-12-02,95.36119079589844,285.01806640625,-0.0011012580394633709,-0.008494518703037524,0.00201039882719323,0.0038072478537479327,95.18105201721191,284.0321380615234
2019-12-03,95.79352569580078,283.10662841796875,0.004533656682493392,-0.006706374835750872,0.00217544486533494,0.00408941658725689,95.20629768371582,284.1318298339844
2019-12-04,95.6324234008789,284.85345458984375,-0.0016817660040352456,0.006170205839532761,0.0020202304548086374,0.004271597482277137,95.24125213623047,284.33441162109375
2019-12-05,95.52226257324219,285.3656005859375,-0.0011519192311475468,0.0017979279796034309,0.002028577491518836,0.004276403347115788,95.26350479125976,284.5593963623047
2019-12-06,95.38662719726562,287.97216796875,-0.0014199347076034874,0.00913413311716793,0.001714827305092404,0.0046335317142266325,95.30139274597168,284.8653228759766
2019-12-09,95.43750762939453,287.0667724609375,0.0005334126347049661,-0.003144038238829916,0.00170070194012761,0.004714598011711774,95.34436225891113,285.09122467041016
2019-12-10,95.40355682373047,286.74664306640625,-0.0003557386032743137,-0.0011151739777713887,0.0017094265500445965,0.0046938263322094075,95.38478965759278,285.3281005859375
2019-12-11,95.65786743164062,287.5605163574219,0.002665630259257812,0.0028383010252961416,0.0017768626035965848,0.004707002032636219,95.43285636901855,285.5759475708008
2019-12-12,95.2509765625,290.0390319824219,-0.004253605898452584,0.00861910966218793,0.002041481310766252,0.005011040164655532,95.45211944580078,285.94314727783205
2019-12-13,95.6324234008789,290.21282958984375,0.004004650158401457,0.0005992214435208698,0.002134200388436527,0.0050132539432423085,95.4769187927246,286.29845733642577
2019-12-16,95.43750762939453,292.20654296875,-0.002038176640858591,0.006869831984078534,0.002189525111476813,0.004990850670460752,95.49451141357422,286.6510208129883
2019-12-17,95.4459457397461,292.2706298828125,8.841503263412598e-05,0.00021932059909191004,0.002153450348917479,0.004994907166493746,95.50364189147949,286.996272277832
2019-12-18,95.25946807861328,292.2888488769531,-0.0019537515154524066,6.233604159233685e-05,0.002195575882222049,0.0049899863708409205,95.50006904602051,287.34655303955077
2019-12-19,95.36221313476562,293.487060546875,0.001078581040023785,0.004099409452415603,0.0021378015722022924,0.004887445882409072,95.4902130126953,287.8097900390625
2019-12-20,95.37919616699219,294.7737731933594,0.00017808974507094177,0.004384222745925426,0.002115790288565292,0.004862949498407157,95.48797302246093,288.3602264404297
2019-12-23,95.31126403808594,295.22406005859375,-0.0007122321390433672,0.0015275675999133487,0.0021169566167482273,0.004863122565375791,95.47979850769043,288.90162353515626
2019-12-24,95.43012237548828,295.2332763671875,0.0012470544651979054,3.121801316563477e-05,0.002124986165255405,0.004675502013625887,95.47291450500488,289.3332717895508
2019-12-26,95.51505279541016,296.8048400878906,0.0008899749660562506,0.005323125292788999,0.002108808880172291,0.004751384269204873,95.46350936889648,289.81103363037107
2019-12-27,95.64244079589844,296.7312927246094,0.0013336955459903876,-0.00024779704825395044,0.002113944090863195,0.004721357020145848,95.46639480590821,290.2210968017578
2019-12-30,95.64244079589844,295.0953674316406,0.0,-0.005513153931112402,0.0020927834632460747,0.004840116580526259,95.47520065307617,290.60287017822264
2019-12-31,95.421630859375,295.81219482421875,-0.002308702440945054,0.00242913807430134,0.0021458298343676767,0.00425494755508126,95.47822265625,291.14257659912107
2020-01-02,95.68488311767578,298.5785827636719,0.0027588321005407312,0.00935183872692269,0.0019802572161531926,0.004062355196719466,95.47279052734375,291.9161743164062
2020-01-03,95.96510314941406,296.3178405761719,0.0029285716051266064,-0.007571682357704113,0.0020480847127525574,0.004569930328407528,95.4894245147705,292.48939361572263
2020-01-06,95.888671875,297.4482116699219,-0.0007964486246115898,0.00381472506532865,0.0020374725311335822,0.004587807426511484,95.5077449798584,293.09352416992186
2020-01-07,95.78675842285156,296.6118469238281,-0.001062830990935959,-0.002811799544526594,0.0020241108761287156,0.004395443731458587,95.52775154113769,293.52550811767577
2020-01-08,95.6763916015625,298.192626953125,-0.001152213762176224,0.005329456816007827,0.002044977424951573,0.0043333756457804426,95.5396957397461,294.08180084228513
2020-01-09,95.77828979492188,300.2145690917969,0.0010650296447605179,0.006780657722263994,0.0020519911236872943,0.004402201616403753,95.55843238830566,294.7551971435547
2020-01-10,95.93965911865234,299.35064697265625,0.001684821519323254,-0.0028776821916209894,0.0020010007875309716,0.004548975575204108,95.57252197265625,295.3447036743164
2020-01-13,95.88018798828125,301.4093933105469,-0.0006198805678216956,0.006877373938258602,0.0017263318120756014,0.00443115684338042,95.6039825439453,295.91322174072263
2020-01-14,95.96510314941406,300.9497985839844,0.0008856382420026065,-0.0015248188568860455,0.001503464095542659,0.0044898922605906355,95.62061653137206,296.4500701904297
2020-01-15,96.10946655273438,301.62994384765625,0.0015043322893693034,0.0022599957430511353,0.0014362074775261602,0.004333009436284966,95.65421447753906,296.921240234375
2020-01-16,96.10946655273438,304.1390380859375,0.0,0.00831845209489046,0.001437196756487096,0.004569474057992812,95.68739051818848,297.51466064453126
2020-01-17,95.99907684326172,305.085693359375,-0.0011485831045798811,0.0031125740365167687,0.0013794614315987411,0.004552193589196938,95.7243709564209,298.15450286865234
2020-01-21,96.27081298828125,304.48828125,0.0028306120637304755,-0.0019581780541615412,0.0014777727279672386,0.004617046799112825,95.76980094909668,298.7045639038086
2020-01-22,96.3217544555664,304.5251159667969,0.0005291475755102582,0.00012097252690868032,0.0014761408509766753,0.004592320871794261,95.81692886352539,299.19213104248047
2020-01-23,96.4491195678711,304.8743591308594,0.0013222881271690579,0.0011468451886267328,0.0014587244317018162,0.004593594254370192,95.87382164001465,299.6746459960938
2020-01-24,96.62744903564453,302.16302490234375,0.001848948632941605,-0.008893283896504567,0.0014789626881459002,0.005155149851194018,95.93368797302246,300.02113342285156
2020-01-27,96.9246826171875,297.3194885253906,0.003076078117650871,-0.016029546892835422,0.0015771289914435368,0.006328122328838185,96.00416946411133,300.04686584472654
2020-01-28,96.83977508544922,300.43524169921875,-0.0008760155766888156,0.010479478453569557,0.0016099625489861718,0.006737928838900761,96.06403617858886,300.23206329345703
2020-01-29,97.06053924560547,300.18701171875,0.0022796847675601306,-0.0008262345624461265,0.0016438408473712684,0.006592518922838192,96.13494110107422,300.4866455078125
2020-01-30,97.06905364990234,301.16119384765625,8.772261480372023e-05,0.0032452507632774186,0.001490283018508324,0.006605149277607224,96.21731224060059,300.75409545898435
2020-01-31,97.35774230957031,295.6927490234375,0.0029740545396597096,-0.01815786673692421,0.0015054364843025876,0.007552653330554653,96.30095520019532,300.6098037719727
2020-02-03,97.32624053955078,297.88934326171875,-0.00032356717886250497,0.007428637481087241,0.0014456069403150388,0.007553879919390773,96.36901206970215,300.68837890625
2020-02-04,97.00287628173828,302.4295654296875,-0.003322477638300403,0.015241304432900726,0.0016757594296170125,0.008235706639329727,96.42472229003906,300.9374465942383
2020-02-05,96.8582534790039,305.92205810546875,-0.00149091252010225,0.011548119215193609,0.0017003886429869655,0.008519529853986295,96.47829704284668,301.4029571533203
2020-02-06,96.91780853271484,306.9514465332031,0.0006148681353608243,0.003364871543128478,0.0016520850993628584,0.008485293702850182,96.5403678894043,301.84089813232424
2020-02-07,97.19863891601562,305.3153991699219,0.002897613839524471,-0.005329987467917907,0.0017257225970625945,0.008519384960749225,96.61138534545898,302.09593963623047
2020-02-10,97.30925750732422,307.5947570800781,0.001138067287178579,0.007465584495093491,0.0017142219254311327,0.008593065254403627,96.67986526489258,302.5081451416016
2020-02-11,97.19009399414062,308.1278076171875,-0.0012245855762965663,0.0017329636635210477,0.0017439941418109168,0.00849676039554449,96.74536056518555,302.8440658569336
2020-02-12,97.0879898071289,310.11297607421875,-0.0010505616654499228,0.0064426786805869,0.001785238789661458,0.008551979189511283,96.80150489807129,303.30222473144534
2020-02-13,97.15606689453125,309.7821960449219,0.0007011895862463202,-0.001066643626088437,0.0017724184511797268,0.008569482018169445,96.85383491516113,303.70983734130857
2020-02-14,97.25819396972656,310.2784729003906,0.0010511651866906835,0.0016020186498928446,0.0017710483978199952,0.00841299850337623,96.91127128601075,304.0168090820313
2020-02-18,97.38581848144531,309.4788513183594,0.0013122237470137854,-0.0025771094415820706,0.0017284547239171722,0.008435162643987842,96.98060836791993,304.2364669799805
2020-02-19,97.36031341552734,310.95855712890625,-0.0002618971254303437,0.004781282482610338,0.0016668162833574477,0.008455913424479699,97.03508338928222,304.55998077392576
2020-02-20,97.58155059814453,309.6810302734375,0.002272354872903559,-0.004108350859562182,0.0017099099388596804,0.008533840770862928,97.09807319641114,304.8177764892578
2020-02-21,97.77729797363281,306.4918212890625,0.0020059875487570267,-0.010298367263758545,0.0017307377871091118,0.008890892701527129,97.16448211669922,304.89864959716795
2020-02-24,98.0921401977539,296.3270263671875,0.003219993092936413,-0.033164979343080936,0.0018048133719740036,0.011489017264219461,97.23771667480469,304.60684967041016
2020-02-25,98.2623519897461,287.3475341796875,0.0017352235525602833,-0.03030264332478827,0.0017376733595985655,0.012841247615528415,97.30460014343262,304.108251953125
2020-02-26,98.16022491455078,286.2906494140625,-0.001039330660495219,-0.0036780714636795997,0.0017457698317196687,0.012525195805181579,97.3706226348877,303.40102233886716
2020-02-27,98.17725372314453,273.432861328125,0.00017347972265313594,-0.044911659225521094,0.0017072202292575552,0.01571830402724644,97.42645835876465,302.0633148193359
2020-02-28,98.90059661865234,272.2839660644531,0.007367723867563125,-0.004201745386752109,0.002278648602548001,0.015612091163944884,97.51803550720214,300.6194534301758
2020-03-02,98.8656005859375,284.0756530761719,-0.00035385057230530315,0.04330657872424082,0.002243341466628705,0.01862565762724111,97.5934284210205,300.0385986328125
2020-03-03,99.53926086425781,275.94195556640625,0.006813899620573771,-0.02863215281453446,0.002599478613825515,0.019410453896093645,97.70407943725586,298.94122924804685
2020-03-04,99.4625244140625,287.5404968261719,-0.0007709164155835779,0.04203253990846778,0.0024264123054806405,0.021584717713437982,97.82706184387207,298.19677581787107
2020-03-05,99.76948547363281,277.9822692871094,0.003086198157332465,-0.03324132650727374,0.0023689042479582865,0.022381163794165392,97.97262344360351,296.79978637695314
2020-03-06,100.50283813476562,273.3869323730469,0.007350470513618257,-0.016531043241884924,0.002695104236371846,0.022453401942701807,98.15187492370606,295.12156066894534
2020-03-09,100.37496948242188,252.0369110107422,-0.001272288969315416,-0.07809452038172682,0.002767765010221996,0.027700655890312946,98.31069145202636,292.4576362609863
2020-03-10,99.24082946777344,265.0784912109375,-0.011299032223835992,0.05174472321492418,0.004002000152956455,0.03070678669343178,98.40727005004882,290.3318229675293
2020-03-11,97.82528686523438,252.15638732910156,-0.014263711923112599,-0.04874821726502554,0.005249547574612007,0.03200219625830965,98.43902969360352,287.533251953125
2020-03-12,93.91122436523438,228.03074645996094,-0.04001074390297543,-0.09567729425649285,0.010447530206226822,0.037072622959165774,98.28019142150879,283.4291404724121
2020-03-13,95.38651275634766,247.52427673339844,0.015709393643678515,0.08548641170571392,0.011138357454325195,0.04326829259972011,98.19171371459962,280.3162445068359
2020-03-16,96.9811019897461,220.43922424316406,0.01671713523558216,-0.1094238223728129,0.011810316324000768,0.048475182170183984,98.17785911560058,275.8242820739746
2020-03-17,94.47404479980469,232.34117126464844,-0.025850986826345568,0.05399196564199249,0.013130422859333257,0.05087882891488862,98.03227043151855,271.96739807128904
2020-03-18,90.87551879882812,220.57708740234375,-0.03809010198094109,-0.050632799164573306,0.015469041827624479,0.05136699317918269,97.7080307006836,267.4483245849609
2020-03-19,92.90501403808594,221.04580688476562,0.022332694944504405,0.00212496904343884,0.016469106827503355,0.05146019843121593,97.47420387268066,263.01656341552734
2020-03-20,93.82598114013672,211.52003479003906,0.009912996748197456,-0.04309410899475907,0.016672124175683152,0.05180898875772941,97.27663803100586,258.26797409057616
2020-03-23,96.05162048339844,206.11183166503906,0.02372092800114234,-0.025568278344736184,0.017609100694341056,0.051712631906055656,97.17461204528809,253.75721435546876
2020-03-24,96.84463500976562,224.7862091064453,0.008256128552295072,0.09060313175885382,0.0177205090693788,0.05685084827377898,97.10372619628906,250.62914810180663
2020-03-25,97.83382415771484,228.15133666992188,0.010214186339279063,0.014970347054890087,0.01788292688542865,0.057123613026298176,97.08740615844727,247.7221824645996
2020-03-26,98.13223266601562,241.47305297851562,0.0030501568437080184,0.05838982362775691,0.017896068020171157,0.05842987984646551,97.08515510559081,246.12419204711915
2020-03-27,98.55009460449219,234.28060913085938,0.004258151752225103,-0.029785699724830916,0.01784331746553714,0.058701053617511295,97.06763000488282,244.22402420043946
2020-03-30,98.64391326904297,241.8890380859375,0.0009519895939957834,0.03247570929281807,0.017844437865754226,0.05827219486953289,97.05654563903809,242.11469345092775
2020-03-31,98.37955474853516,238.28358459472656,-0.002679927344191979,-0.014905402575250193,0.017780942863847234,0.058076828171606046,96.99856033325196,240.23177490234374
2020-04-01,98.04541015625,227.5596923828125,-0.003396484087971885,-0.04500474604724991,0.017793250474901965,0.05757107916000733,96.92770462036133,237.23273468017578
2020-04-02,98.19071960449219,232.81068420410156,0.0014820627300209388,0.023075228157962036,0.017779535227801162,0.05775381957000824,96.8487663269043,234.9741554260254
2020-04-03,98.25907897949219,229.44558715820312,0.0006961897751167623,-0.014454220850741994,0.01768403711919545,0.057738081421250864,96.73657836914063,232.7770881652832
2020-04-06,98.73758697509766,244.8566131591797,0.004869860379063118,0.06716636476582405,0.01773192712049959,0.05747673305092533,96.65470924377442,232.41807327270507
2020-04-07,98.87435913085938,245.10626220703125,0.0013852086115515583,0.0010195724127297634,0.017557770586225766,0.05618421851316541,96.63638572692871,231.41946182250976
2020-04-08,98.9683609008789,253.33404541015625,0.000950719386156651,0.0335682292612145,0.01723555896225119,0.05562247967204159,96.69353942871093,231.4783447265625
2020-04-09,100.19892883300781,257.1890869140625,0.012433952840356532,0.01521722632133704,0.014481401869348227,0.050713454354217855,97.0079246520996,232.93626174926757
2020-04-13,99.72895050048828,254.84091186523438,-0.004690452662451161,-0.009130150415801896,0.014281826996656699,0.04733257126315866,97.22504653930665,233.30209350585938
2020-04-14,99.78018951416016,262.3569641113281,0.000513782742270319,0.02949311470863214,0.013876333762523868,0.03960029425960997,97.36500091552735,235.3979804992676
2020-04-15,100.19042205810547,256.7823486328125,0.004111362645659256,-0.02124820851391651,0.012293331076277525,0.03871266383376896,97.65081977844238,236.6200393676758
2020-04-16,100.3185806274414,258.0211181640625,0.001279149909774846,0.0048242004866985155,0.007634223453783063,0.03638015070654013,98.12297286987305,238.49224090576172
2020-04-17,100.19892883300781,264.99169921875,-0.0011927181752895422,0.02701554471310863,0.006556571798510757,0.03657627477458742,98.48766860961913,240.68953552246094
2020-04-20,100.0537109375,260.32305908203125,-0.001449295887681945,-0.017618061812814778,0.006491532596689483,0.0350515873098541,98.7990550994873,243.12968673706055
2020-04-21,100.1049575805664,252.41883850097656,0.0005121913279000356,-0.030363121150032146,0.0043626333608395825,0.03533019485721289,99.0017219543457,245.4450370788574
2020-04-22,100.1049575805664,258.0211181640625,0.0,0.022194380167327665,0.004131753361203727,0.03012151446960451,99.16473808288575,247.10678253173828
2020-04-23,100.34422302246094,258.0025939941406,0.00239014577976282,-7.17932317079173e-05,0.0036181768276925402,0.030108887344358706,99.29025802612304,248.5993453979492
2020-04-24,100.29295349121094,261.598876953125,-0.0005109365512604436,0.013938941090902546,0.00361377959033857,0.027622079053411075,99.3982940673828,249.6056365966797
2020-04-27,99.83147430419922,265.3706970214844,-0.0046013121654868705,0.014418334330369653,0.0037462953012923393,0.026490546203617484,99.46236305236816,251.16014099121094
2020-04-28,100.2245864868164,264.15045166015625,0.003937757960173149,-0.004598267159954483,0.003817657642102027,0.025873085934904595,99.54139671325683,252.27321166992186
2020-04-29,100.29295349121094,271.0655212402344,0.0006821380540544819,0.02617852642922891,0.003729262940857846,0.025863272967203484,99.63706665039062,253.91230850219728
2020-04-30,100.07076263427734,268.54168701171875,-0.0022154184237187513,-0.009310790309914996,0.0036652795439831715,0.02319567141689233,99.73833427429199,255.96140823364257
2020-05-01,100.07589721679688,261.4324951171875,5.1309517229203294e-05,-0.0264733270042391,0.0036699354399473793,0.0241891706052848,99.83259315490723,257.3924987792969
2020-05-04,100.16156005859375,262.1535949707031,0.0008559787539181851,0.00275826405280033,0.003669510116120051,0.0237215016397314,99.9277172088623,259.02789916992185
2020-05-05,100.08447265625,264.57562255859375,-0.0007696306077765724,0.00923896385308498,0.0035690126282101184,0.019060583430553064,99.99506149291992,260.01384963989256
2020-05-06,99.6820068359375,262.7822570800781,-0.004021261336858983,-0.006778271789263046,0.0037148506129680283,0.019205096436155165,100.03544387817382,260.89764938354494
2020-05-07,99.99026489257812,265.953125,0.003092414232269469,0.012066522128073576,0.003761728072492144,0.018007375180473205,100.08653907775879,261.5286033630371
2020-05-08,99.72483825683594,270.3536071777344,-0.0026545247782605585,0.016546081862111484,0.0025713749049667356,0.018058806155342062,100.06283454895019,262.1868293762207
2020-05-11,99.42509460449219,270.4090881347656,-0.0030057070794317076,0.00020521626328728892,0.002442041487798804,0.01785771420923909,100.04764175415039,262.9652381896973
2020-05-12,99.6820068359375,265.01947021484375,0.002583977741910104,-0.019931349042661695,0.002514446512929712,0.017430804736637124,100.04273262023926,263.09836349487307
2020-05-13,99.8447036743164,260.3323669433594,0.00163215853636145,-0.01768588273036953,0.0023547323867623223,0.01721209427763795,100.0254467010498,263.2758644104004
2020-05-14,100.15296173095703,263.4478454589844,0.0030873751465689825,0.011967311449608609,0.0024462446948344796,0.01737274823731795,100.01716575622558,263.5472007751465
2020-05-15,100.21293640136719,264.65887451171875,0.0005988307222632994,0.004596845537394589,0.002436126178862166,0.016309059096284065,100.01786613464355,263.5305595397949
2020-05-18,100.06734466552734,272.7201843261719,-0.001452823767749134,0.030459246187477307,0.0024362375148772836,0.017090123599800083,100.01854782104492,264.15041580200193
2020-05-19,100.17867279052734,269.9190979003906,0.0011125320190328303,-0.010270917177260253,0.0024464325486971026,0.015582708377021574,100.02223358154296,265.02542877197266
2020-05-20,100.435546875,274.50457763671875,0.002564159389591536,0.016988348627410943,0.0025105927272020055,0.01529432026116105,100.03876304626465,265.84960174560547
2020-05-21,100.51260375976562,272.6093444824219,0.0007672272135037517,-0.006904195079781239,0.0024607169339347034,0.015447073987450426,100.04718208312988,266.5799392700195
2020-05-22,100.56396484375,273.1271057128906,0.0005109914783139047,0.0018992791001049003,0.0024582625520610875,0.015226041628449169,100.06073265075683,267.15635070800784
2020-05-26,100.40130615234375,276.4920959472656,-0.0016174649802140895,0.012320235392206946,0.0022360043434184115,0.015144937188186455,100.08922424316407,267.71242065429686
2020-05-27,100.54684448242188,280.6060791015625,0.0014495661028282036,0.014879207089816937,0.0020864042261128433,0.015312548780168998,100.10533714294434,268.5352020263672
2020-05-28,100.47834014892578,280.0884094238281,-0.0006813175873269239,-0.0018448270236761655,0.002090805339424061,0.014344770181106702,100.11460647583007,268.98634643554686
2020-05-29,100.74380493164062,281.33642578125,0.002642010032424702,0.0044557943686036605,0.0020904924716685625,0.01411523580578335,100.14825859069825,269.62608337402344
2020-06-01,100.68720245361328,282.4734802246094,-0.0005618457439219293,0.0040416182874358775,0.0020993843588138785,0.012368301073782454,100.17882385253907,270.67813262939455
2020-06-02,100.77299499511719,284.8123779296875,0.0008520699693035372,0.008280061205102607,0.002099330707820288,0.01240187401859794,100.20939559936524,271.8110717773437
2020-06-03,100.52420043945312,288.60284423828125,-0.0024688613817235305,0.013308643171152879,0.0021780796561821593,0.012521257314662297,100.23138198852538,273.01243286132814
2020-06-04,100.22395324707031,287.8446960449219,-0.002986815026334466,-0.0026269602275070802,0.002082197693759013,0.012359036541212412,100.25847930908203,274.2655548095703
2020-06-05,100.28399658203125,295.2220153808594,0.0005990916643741073,0.025629512849478342,0.0019764773181205476,0.013135820891157557,100.27316589355469,275.72899932861327
2020-06-08,100.3955307006836,298.79052734375,0.001112182625879976,0.012087553695096176,0.0018720223243647402,0.012972010954381859,100.30670051574707,277.1508453369141
2020-06-09,100.52420043945312,296.5625,0.0012816281548742037,-0.007456820547683263,0.0017073462837790528,0.013234437718130269,100.36165580749511,278.4585159301758
2020-06-10,100.93600463867188,294.90771484375,0.004096567765955905,-0.005579886722866134,0.0018311420716942666,0.012174724517319983,100.42435569763184,279.9529281616211
2020-06-11,100.7643814086914,277.90667724609375,-0.001700317251458916,-0.057648670217609777,0.00188565811894304,0.01803615474946189,100.47033958435058,280.83164367675784
2020-06-12,100.8673324584961,281.23468017578125,0.0010217008070254607,0.011975253573128342,0.0017882433330490871,0.01803635271838814,100.50605812072754,281.72098541259766
2020-06-15,101.20191192626953,283.86029052734375,0.0033170250428811165,0.009336012009334649,0.001906947803817494,0.018083566097287146,100.55550689697266,282.6810562133789
2020-06-16,101.00457763671875,289.3238830566406,-0.0019499067339217024,0.019247470363490615,0.0019366496207436053,0.01736893838506038,100.60236854553223,283.51124114990233
2020-06-17,100.91883087158203,288.1220703125,-0.0008489393960452452,-0.0041538663571211165,0.0019518979496560458,0.01717374868422845,100.63937644958496,284.4213897705078
2020-06-18,101.02174377441406,288.2330322265625,0.0010197591662846062,0.0003851211881900074,0.001890093380284501,0.016881734561385645,100.66868629455567,285.1078125
2020-06-19,101.05606842041016,286.5857238769531,0.0003397748317703897,-0.005715196266313227,0.001886859350561534,0.016848633057713867,100.69585952758788,285.80663146972654
2020-06-22,101.03034973144531,288.42425537109375,-0.00025449920392561776,0.006415293369358421,0.0018895043742389467,0.01686841944001779,100.71917877197265,286.57148895263674
2020-06-23,101.01317596435547,289.7521057128906,-0.00016998621835417893,0.0046038095516218736,0.0018420172352852167,0.016728482118682293,100.74977226257325,287.23448944091797
2020-06-24,100.99602508544922,282.3608703613281,-0.00016978853246141234,-0.02550882359725215,0.0018245870295941341,0.017569638375319496,100.77223129272461,287.3222290039063
2020-06-25,101.11611938476562,285.3879089355469,0.0011890992661820476,0.010720460559372702,0.001823650898269587,0.017706946439467332,100.8041202545166,287.5872039794922
2020-06-26,101.23623657226562,278.6095886230469,0.0011879133438945644,-0.02375125259434463,0.0017537681059365206,0.018528996146250087,100.82874183654785,287.450862121582
2020-06-29,101.32201385498047,282.70440673828125,0.0008472982167171406,0.014697333768991738,0.0017479311497001857,0.018812063623238316,100.86048240661621,287.4624084472656
2020-06-30,101.40779113769531,286.32574462890625,0.000846580910221606,0.012809626607545255,0.0017478429354861904,0.018941126886740715,100.89222221374511,287.53807678222654
2020-07-01,101.46194458007812,288.3314208984375,0.0005340165856613233,0.007004875765295626,0.0016204045747461435,0.01876734595120447,100.93910942077636,287.5245056152344
2020-07-02,101.58226776123047,289.9192199707031,0.0011858946884009125,0.005506854117106164,0.001407076612259715,0.01879271841284039,101.00702514648438,287.62823181152345
2020-07-06,101.57369232177734,294.3948669433594,-8.441866520725316e-05,0.015437565585022295,0.00141726207240605,0.01820529126245282,101.07150993347167,287.5868743896484
2020-07-07,101.72838592529297,291.3585205078125,0.0015229691860130234,-0.0103138565800166,0.0014274043354583113,0.0181126882401297,101.13815269470214,287.21527404785155
2020-07-08,101.69398498535156,293.5869140625,-0.000338164609892333,0.007648286896856815,0.0014362397578426027,0.01814853640442981,101.19664192199707,287.0664947509766
2020-07-09,101.96044921875,291.9156188964844,0.0026202555975833874,-0.005692675953737569,0.0012748422363976053,0.018150266413831898,101.24786415100098,286.9168899536133
2020-07-10,101.8401107788086,294.896240234375,-0.0011802462706222983,0.010210557931631614,0.0012320605963198061,0.012263189897238161,101.30165061950683,287.76636810302733
2020-07-13,101.8315200805664,292.3427734375,-8.435476136559039e-05,-0.008658865215933509,0.0012337364359903547,0.012339915413815204,101.34986000061035,288.32177276611327
2020-07-14,101.99481201171875,296.1311950683594,0.0016035499717881319,0.012958834543140618,0.0010754414993281642,0.012478901374832875,101.3895050048828,288.93531799316406
2020-07-15,102.00337982177734,298.851806640625,8.400241041295331e-05,0.009187183307849844,0.0009285848646184399,0.011946660589730963,101.43944511413574,289.4117141723633
2020-07-16,102.0721664428711,297.8675842285156,0.000674356293036027,-0.003293346033851896,0.0008736074208244706,0.011926039568799241,101.49711189270019,289.89898986816405
2020-07-17,102.1753158569336,298.7311096191406,0.001010553784221102,0.0028990243864956966,0.0008733596581771996,0.011924337984338285,101.55479049682617,290.423893737793
2020-07-20,102.28703308105469,301.14532470703125,0.0010933876072134474,0.008081565696216098,0.0008792212855203131,0.01186206021118436,101.6163387298584,291.15187377929686
2020-07-21,102.34720611572266,301.7860412597656,0.0005882762736924008,0.0021275992026696944,0.0008556944310367528,0.011827184544568279,101.68218154907227,291.8199630737305
2020-07-22,102.43316650390625,303.5038757324219,0.0008398899339412402,0.0056922264047911675,0.0008344129149487113,0.011840676051892268,101.7531810760498,292.507551574707
2020-07-23,102.55348205566406,299.8825378417969,0.001174576124747917,-0.011931768192040115,0.0008146961659062849,0.010466569437711687,101.83105392456055,293.38363494873045
2020-07-24,102.51909637451172,297.9511413574219,-0.0003352951110298097,-0.006440510001932465,0.0008437953194971892,0.010509457338681681,101.90120277404785,294.01179656982424
2020-07-27,102.45035552978516,300.1238708496094,-0.0006705174660869284,0.0072922341639265476,0.0008872357199734051,0.00859083700090287,101.96190872192383,295.08751068115237
2020-07-28,102.51909637451172,298.220458984375,0.0006709673614220257,-0.006342087551536868,0.0008854880985769386,0.008468483443128774,102.02176284790039,295.86331329345705
2020-07-29,102.63941955566406,301.8881530761719,0.001173666033036369,0.012298599848875602,0.000893503080538768,0.008437116945235242,102.08334426879883,296.6414337158203
2020-07-30,102.716796875,300.8110046386719,0.0007538752622620049,-0.003568038117839678,0.0008939469366704301,0.008483217021159346,102.14608688354492,297.26541290283205
2020-07-31,102.759765625,303.1881408691406,0.000418322526668069,0.00790242442534339,0.0008845823205889197,0.008549686422823171,102.2049617767334,297.9288589477539
2020-08-03,102.80021667480469,305.2958984375,0.00039364676980979674,0.006951978933994907,0.0008721466581168288,0.008058542638186368,102.26628799438477,298.4739105224609
2020-08-04,102.99825286865234,306.4751892089844,0.0019264180587685864,0.0038627796099455214,0.0008988582483880687,0.007538992753280965,102.32978134155273,299.22974395751953
2020-08-05,102.80021667480469,308.3786315917969,-0.001922714107589818,0.006210755225326103,0.0010456796486721074,0.0074946431266578895,102.3850929260254,299.9693298339844
2020-08-06,102.94658660888672,310.4399719238281,0.0014238290425501177,0.006684446070050143,0.0009503875532248244,0.0072919030329233435,102.43439979553223,300.8955474853516
2020-08-07,102.82606506347656,310.6628723144531,-0.0011707191989573928,0.0007180144658680554,0.0009495126368545626,0.007111860997687062,102.48369750976562,301.68387908935546
2020-08-10,102.73133850097656,311.5914611816406,-0.0009212310365229737,0.00298905646583858,0.000993231585351868,0.006596893256515724,102.52868843078613,302.6463134765625
2020-08-11,102.44722747802734,309.0193176269531,-0.002765573067526228,-0.008254858926278752,0.0011857691606860427,0.006652799019831601,102.55130920410156,303.2907196044922
2020-08-12,102.2406005859375,313.3277893066406,-0.002016910532148475,0.01394240241281186,0.0012873442158350102,0.00699364812814831,102.56317024230957,304.01451873779297
2020-08-13,101.86175537109375,312.7613525390625,-0.0037054283002310173,-0.0018078089046349444,0.0015360323171797884,0.006937763415061255,102.5526496887207,304.7592071533203
2020-08-14,101.7670669555664,312.7706298828125,-0.0009295776926520061,2.9662692256238188e-05,0.0015232794189410745,0.0069579632432014244,102.53223724365235,305.46118316650393
2020-08-17,101.9048080444336,313.7641906738281,0.001353493747906942,0.003176643508336685,0.0015359523162193443,0.006829525884695626,102.51312599182128,306.0921264648438
2020-08-18,102.05118560791016,314.4420471191406,0.001436414692157939,0.0021604009171880545,0.001569791887861848,0.006829542693006054,102.49832496643066,306.7249267578125
2020-08-19,101.8962173461914,313.1328430175781,-0.0015185346529353883,-0.004163578355875663,0.0015805656034598265,0.0069101553679019505,102.47147750854492,307.2063751220703
2020-08-20,102.0770263671875,314.10784912109375,0.0017744429155970298,0.0031137139564145766,0.0016145783105439991,0.006136835042292051,102.4476547241211,307.91764068603516
2020-08-21,102.18031311035156,315.2220764160156,0.0010118510191756691,0.003547276192045423,0.0016379544275694716,0.005780958873067683,102.43071556091309,308.7811874389648
2020-08-24,102.13731384277344,318.4162292480469,-0.00042081753587586146,0.010133023893338367,0.0016348407948701706,0.005929180435412853,102.4150634765625,309.69580535888673
2020-08-25,101.9220199584961,319.530517578125,-0.002107886688784033,0.0034994709054547712,0.0016787370964061734,0.005508314789825811,102.38520965576171,310.76130828857424
2020-08-26,101.9048080444336,322.7339782714844,-0.0001688733609234161,0.01002552343869989,0.0016435749857902832,0.005337392750622363,102.34847908020019,311.80359954833983
2020-08-27,101.55183410644531,323.439697265625,-0.0034637613745798213,0.002186689476950443,0.0017598923251554764,0.00509394608731348,102.29023094177246,312.9350341796875
2020-08-28,101.68955993652344,325.5289001464844,0.0013562121382639791,0.006459327344545462,0.001799623552154388,0.0050404117110398865,102.23672065734863,314.0520721435547
2020-08-31,101.91339111328125,324.349609375,0.00220112248393578,-0.003622691475176909,0.001891074862025097,0.005218810867765126,102.19237937927247,315.0047576904297
2020-09-01,102.12470245361328,327.4045715332031,0.0020734403793623013,0.009418732348991599,0.001900982580706431,0.005409063730047407,102.14870185852051,316.0512268066406
2020-09-02,102.33167266845703,332.14013671875,0.0020266420353856063,0.014463955598942091,0.0019417988763892175,0.005930691012935589,102.12527465820312,317.23930206298826
2020-09-03,102.35753631591797,320.70977783203125,0.0002527433275203439,-0.03441426561583483,0.0019067521625077686,0.010337714279904096,102.09582214355468,317.75279235839844
2020-09-04,101.84869384765625,318.09124755859375,-0.0049712262191542456,-0.008164797129474932,0.0021707538825824564,0.010569440568281746,102.04695358276368,318.1242111206055
2020-09-08,101.96086120605469,309.400146484375,0.0011013136659976386,-0.02732266650190618,0.0021958463609601437,0.012331231578570993,102.00842971801758,318.0146453857422
2020-09-09,101.95222473144531,315.5098571777344,-8.470382171377189e-05,0.01974695475351984,0.0021227842428516407,0.012952106917995754,101.98367958068847,318.33917236328125
2020-09-10,101.96086120605469,310.0314636230469,8.471099705897878e-05,-0.017363620914073064,0.002081816522473234,0.013210116202365469,101.96969261169434,318.1743560791016
2020-09-11,102.08159637451172,310.1893310546875,0.0011841324899466432,0.0005091980981406508,0.0019213650742356595,0.013207694329299028,101.98068466186524,318.04575500488284
2020-09-14,102.09022521972656,314.2749328613281,8.452890159738047e-05,0.013171316346532569,0.0019058170820695475,0.013548969130869778,101.99684257507325,318.12097015380857
2020-09-15,102.09884643554688,315.8627624511719,8.44470251852858e-05,0.0050523583773840475,0.0018850109428009407,0.013576189467684645,102.00654449462891,318.2258987426758
2020-09-16,102.0470962524414,314.6092529296875,-0.0005068635436360491,-0.003968525798219602,0.0018622725651101521,0.013604023642906781,102.00634002685547,318.2342590332031
2020-09-17,102.07295989990234,311.8421630859375,0.0002534481470883865,-0.008795322508738823,0.001828080239501614,0.013719632711773327,102.01517715454102,318.1697250366211
2020-09-18,101.95222473144531,308.2520751953125,-0.0011828320504806422,-0.011512515995586003,0.001803954288970566,0.013926659300897155,102.00893707275391,317.876936340332
2020-09-21,101.96944427490234,304.8212585449219,0.00016889816286402848,-0.011129906094603959,0.0017873740625300974,0.014068866205120776,101.99839363098144,317.35689544677734
2020-09-22,102.0470962524414,307.92572021484375,0.0007615220234966635,0.010184531370092564,0.0017957990643128374,0.014071127979375651,101.99388275146484,316.8323699951172
2020-09-23,101.83148193359375,300.7846374511719,-0.0021128902905210856,-0.02319092656076094,0.0017961022468801504,0.01481040147471696,101.98935585021972,315.8950759887695
2020-09-24,101.8401107788086,301.5863342285156,8.473651812779259e-05,0.0026653514758507857,0.001796061304139818,0.014561323969729985,101.98612098693847,314.8376937866211
2020-09-25,101.87459564208984,306.4620361328125,0.000338617692160037,0.016166852907209206,0.001604513543542407,0.015160842228573036,102.0022590637207,313.98881072998046
2020-09-28,101.96086120605469,311.55218505859375,0.0008467819029969181,0.01660939472312095,0.0015884861806842044,0.015641697313859435,102.01582412719726,313.28997497558595
2020-09-29,101.97808837890625,309.85552978515625,0.00016895868324162677,-0.0054458140716246994,0.001512508588367661,0.01565649801759535,102.01905899047851,312.5652709960938
2020-09-30,101.81422424316406,312.2048034667969,-0.0016068563193040175,0.007581835584052676,0.0014745765189704155,0.015590209969772933,102.00353507995605,311.80528259277344
2020-10-01,101.95418548583984,314.2091979980469,0.0013746727799204272,0.006420127137676035,0.00143044321503632,0.015235850984410349,101.98466072082519,310.90873565673826
2020-10-02,101.85052490234375,311.2259826660156,-0.0010167369098397216,-0.009494360289382109,0.0014381977141484964,0.013412127384081454,101.95931015014648,310.4345458984375
2020-10-05,101.52225494384766,316.74493408203125,-0.0032230561286831216,0.01773293916124663,0.001162722892370178,0.01396483709036022,101.94298820495605,310.3672302246094
2020-10-06,101.60862731933594,312.2420959472656,0.0008507728235158662,-0.014215975222509725,0.0011496967075259002,0.012886991531669296,101.92537651062011,310.5093276977539
2020-10-07,101.53956604003906,317.67718505859375,-0.0006796792862856504,0.017406650742717522,0.0011549938922324008,0.012712823194184524,101.90474357604981,310.61769409179686
2020-10-08,101.66912078857422,320.49261474609375,0.0012759040991376924,0.008862549216370974,0.001200385403259205,0.012120824844688672,101.89015655517578,311.14075164794923
2020-10-09,101.69502258300781,323.3546142578125,0.00025476559876480565,0.008930001441643576,0.0011637534212060334,0.0122220022756656,101.87082786560059,311.7990158081055
2020-10-12,101.89376068115234,328.5566101074219,0.001954255902567148,0.01608758811606692,0.0012581568214823302,0.012376808228633901,101.86100463867187,312.51309967041016
2020-10-13,101.91963195800781,326.41253662109375,0.00025390442636052946,-0.00652573535387746,0.0012600020696422745,0.012511208060205512,101.85204391479492,313.04058837890625
2020-10-14,101.98014068603516,324.36151123046875,0.0005936906056751567,-0.00628353742738097,0.0012647274900058508,0.012577126900408882,101.84869613647462,313.5282012939453
2020-10-15,101.89376068115234,323.9605712890625,-0.000847027708549164,-0.0012360897564118734,0.0012755450968869322,0.012359912409957962,101.83973617553711,314.1341217041016
2020-10-16,101.8418960571289,323.7649230957031,-0.0005090068682981341,-0.0006039259425333343,0.0012537929428391896,0.011967600869048108,101.83421974182129,314.9097640991211
2020-10-19,101.72096252441406,318.84246826171875,-0.0011874634840557396,-0.015203792884411205,0.0012775936813709233,0.012243749273900055,101.82179565429688,315.61082458496094
2020-10-20,101.63456726074219,320.1196594238281,-0.0008493358844411381,0.004005712190952471,0.0012697676048997464,0.012112172785017295,101.80116920471191,316.2205215454102
2020-10-21,101.51361846923828,319.51373291015625,-0.0011900359765749657,-0.001892812565034152,0.001212121972398451,0.01062447026060245,101.78527603149413,317.1569763183594
2020-10-22,101.33219146728516,321.266357421875,-0.0017872183524627605,0.005485286957013447,0.0012637607650030297,0.010637404673302119,101.75988006591797,318.14097747802737
2020-10-23,101.47905731201172,322.35711669921875,0.0014493503258929952,0.0033951867419201864,0.0013143459777812177,0.010193316605949722,101.74010314941407,318.9357315063477
2020-10-26,101.6172866821289,316.39996337890625,0.0013621467697733092,-0.018479980778184357,0.0013406075836793882,0.010660698756190004,101.72292442321778,319.1781204223633
2020-10-27,101.85052490234375,315.3092346191406,0.0022952612476698775,-0.0034473100063523443,0.00144868316831616,0.010608050858829408,101.71654624938965,319.4508056640625
2020-10-28,101.70368194580078,304.53228759765625,-0.0014417496295062726,-0.03417897682096671,0.0014398575100907425,0.013056483145690929,101.71101913452148,319.06717987060546
2020-10-29,101.52225494384766,307.6274719238281,-0.0017838784052066625,0.010163731243700402,0.0014481820079433082,0.013196978863297692,101.68942260742188,318.7380935668945
2020-10-30,101.24581909179688,304.4204406738281,-0.002722908905083754,-0.01042504828955615,0.0015451356308692423,0.013230200779202297,101.65918731689453,318.39781646728517
2020-11-02,101.42926025390625,307.83251953125,0.0018118393801827004,0.011208442014830844,0.0014504981494284507,0.012817431174008674,101.65453758239747,317.9521957397461
2020-11-03,101.3860092163086,313.267578125,-0.0004264157846501915,0.017655894841864583,0.001437045934645954,0.013111221777715155,101.64340667724609,318.0034698486328
2020-11-04,102.06092834472656,320.2688903808594,0.00665692568072207,0.022349303741435067,0.0020773593078289507,0.013492733541794309,101.66947479248047,318.13305511474607
2020-11-05,102.1561050415039,326.5150451660156,0.00093254782531349,0.019502845804749924,0.0020699110917964066,0.014038819293596658,101.69382400512696,318.4341766357422
2020-11-06,101.93114471435547,326.4404296875,-0.0022021231825257725,-0.0002285207974955794,0.0021407434285886508,0.01391624391360597,101.70563011169433,318.5884674072266
2020-11-09,101.4552230834961,330.5423278808594,-0.004669050192589008,0.012565533617530544,0.00234436948582682,0.0137305534604674,101.68370323181152,318.68775329589846
2020-11-10,101.29078674316406,330.0576171875,-0.0016207774753667081,-0.0014664103579923315,0.002362127840327701,0.013642734011784766,101.65226097106934,318.87000732421876
2020-11-11,101.35137176513672,332.5094909667969,0.0005981296416057713,0.007428623523946687,0.002362217109159027,0.013620787564652122,101.62082252502441,319.2774063110352
2020-11-12,101.775390625,329.2839050292969,0.004183651907996522,-0.009700733438078313,0.00256110203195908,0.013834546812091468,101.61490402221679,319.5435729980469
2020-11-13,101.79267883300781,333.8424987792969,0.00016986628989235086,0.01384396164031898,0.0025592662957395107,0.014125665469077427,101.61244316101075,320.0474517822266
2020-11-16,101.78401947021484,338.0098876953125,-8.506862077162225e-05,0.012483098860252229,0.002544652555989429,0.013740627099093192,101.61559600830078,321.0058227539063
2020-11-17,101.99168395996094,336.19183349609375,0.0020402465026139183,-0.00537870123153783,0.0025737214524671074,0.013864629336225296,101.63345184326172,321.8094314575195
2020-11-18,102.06092834472656,332.1458740234375,0.0006789218696772181,-0.012034675056148414,0.00255527877987862,0.014216454589938216,101.66081733703614,322.44103851318357
2020-11-19,102.25130462646484,333.5443115234375,0.0018653199106248852,0.004210311219766449,0.0025307674127602645,0.014203030735716465,101.70677299499512,323.05493621826173
2020-11-20,102.35514068603516,331.26019287109375,0.0010154986281067924,-0.006848021607417709,0.002523641564235001,0.014333148802208939,101.75057716369629,323.50009002685545
2020-11-23,102.32916259765625,333.2458801269531,-0.00025380345534953275,0.005994343113336464,0.0025181878136854873,0.013565231394172796,101.78617095947266,324.34238586425784
2020-11-24,102.19070434570312,338.6158447265625,-0.0013530673801908089,0.016114121493606026,0.002502109536958457,0.013802941458975032,101.80317993164063,325.5077163696289
2020-11-25,102.1561050415039,338.0936584472656,-0.0003385758462156607,-0.0015421200378811228,0.002476746633363064,0.01066653737013671,101.82580108642578,327.1857849121094
2020-11-27,102.32916259765625,339.0352783203125,0.001694050062715613,0.0027850858764146835,0.0024502402321212036,0.010616757629032737,101.86614646911622,328.7561752319336
2020-11-30,102.4676284790039,337.5343322753906,0.00135314193757341,-0.004427108743249475,0.002344143682932068,0.010238277257031927,101.92723693847657,330.41186981201173
2020-12-01,102.14342498779297,341.22613525390625,-0.0031639601308560694,0.01093756286546732,0.0024697282981452563,0.010230122301502944,101.9629451751709,332.08155059814453
2020-12-02,102.03076171875,341.9439697265625,-0.0011029909077009403,0.0021036913603411644,0.002485560173992195,0.009817216326387863,101.99518280029297,333.51537017822267
2020-12-03,102.20407104492188,341.8506774902344,0.00169859876817946,-0.00027282901465619513,0.0020247973462141937,0.00890538766213558,102.00233993530273,334.5944595336914
2020-12-04,101.92672729492188,344.7966613769531,-0.0027136272280005036,0.008617750616576991,0.00210576815865703,0.008165108415878568,101.99087104797363,335.50854034423827
2020-12-07,102.08272552490234,344.0881652832031,0.0015304938569162818,-0.0020548229525211292,0.00207580862783169,0.008210367841946582,101.99845008850097,336.39092712402345
2020-12-08,102.09142303466797,345.094970703125,8.520060295125198e-05,0.0029260100215688922,0.001750515096028733,0.007874845858452915,102.03026008605957,337.1185592651367
2020-12-09,101.94406127929688,341.9999084472656,-0.0014434293400049647,-0.008968726056926446,0.0017406193417606542,0.008228716331902804,102.06292381286622,337.715673828125
2020-12-10,102.1954345703125,341.88800048828125,0.0024657963186980325,-0.00032721634193544347,0.0018050672970224618,0.008132222571060284,102.105126953125,338.1845993041992
2020-12-11,102.30811309814453,341.48712158203125,0.0011025788804146508,-0.0011725445341089769,0.0015846394244367489,0.0077319906285475935,102.13176307678222,338.7947601318359
2020-12-14,102.24746704101562,339.9582214355469,-0.0005927785714386902,-0.004477182446592232,0.0015961142337774128,0.007309924649703401,102.15450248718261,339.1005462646484
2020-12-15,102.30811309814453,344.55426025390625,0.0005931301662913668,0.01351942247183091,0.0015964037812974535,0.00739923070691895,102.1807071685791,339.4277648925781
2020-12-16,102.26480865478516,345.094970703125,-0.0004232747731143238,0.0015693042042792538,0.0015458954982274999,0.007246239104397365,102.19436340332031,339.8729217529297
2020-12-17,102.26042175292969,347.02471923828125,-4.2897472876335385e-05,0.005591934681703492,0.0015409431470635988,0.006575769055130279,102.20433807373047,340.6168640136719
2020-12-18,102.2083511352539,345.6390686035156,-0.0005091961951965152,-0.003992945049583585,0.0014882455017171952,0.006699369272322979,102.20219039916992,341.22160186767576
2020-12-21,102.2083511352539,344.40325927734375,0.0,-0.003575432983212501,0.0014682479655859493,0.006514341093509186,102.19485092163086,341.8787551879883
2020-12-22,102.35591888427734,343.8227844238281,0.0014437934609488057,-0.001685451103841551,0.0015056990885046239,0.006490780811974965,102.19618873596191,342.40760040283203
2020-12-23,102.2864761352539,344.1317443847656,-0.000678443902222714,0.0008986023467154602,0.0014808090461949884,0.005516609954200106,102.20097732543945,342.6833953857422
2020-12-24,102.38191223144531,345.4705810546875,0.0009330275105499108,0.0038904770971228686,0.0014906092220132294,0.005527779132345675,102.21226768493652,343.05224151611327
2020-12-28,102.39928436279297,348.4384765625,0.0001696796921353272,0.008590877691385002,0.00144366157583381,0.005768450044290681,102.21577377319336,343.5224014282227
2020-12-29,102.41659545898438,347.7737121582031,0.00016905485520846142,-0.0019078386831875571,0.001410672833225484,0.005661375683263699,102.21322212219238,344.0343704223633
2020-12-30,102.47734069824219,348.26995849609375,0.0005931191032624294,0.0014269230840107117,0.0012058056767114149,0.005209241726610969,102.22991790771485,344.38656158447264
2020-12-31,102.55546569824219,350.0393371582031,0.0007623636549083379,0.00508048029680741,0.001174388505447395,0.005283382751291023,102.25615310668945,344.7913299560547
2021-01-04,102.42532348632812,345.27398681640625,-0.00126899342739073,-0.013613756615140526,0.0011701471817693698,0.006233679690800334,102.26721572875977,344.9624954223633
2021-01-05,102.3211898803711,347.6519775390625,-0.0010166783214595743,0.006887257115957279,0.0010045249383258425,0.006126405559955127,102.28693885803223,345.1052612304687
2021-01-06,101.81787872314453,349.7304382324219,-0.004918933779161527,0.005978567152335135,0.001476903758075572,0.006217569441307956,102.27369651794433,345.3873748779297
2021-01-07,101.71376037597656,354.9266052246094,-0.0010225939537699125,0.014857634406800546,0.0014891760841102047,0.006957472550884784,102.25481338500977,345.8789566040039
2021-01-08,101.5922622680664,356.94879150390625,-0.0011945100393599972,0.005697477308068244,0.0014791044483511465,0.006565814480114034,102.23722343444824,346.62640075683595
2021-01-11,101.42741394042969,354.542724609375,-0.0016226464885853442,-0.006740650064660403,0.0013741910885791612,0.0068444778456494505,102.19882240295411,347.25913696289064
2021-01-12,101.51423645019531,354.61761474609375,0.0008560063437743626,0.00021123021717972534,0.001361271125876461,0.0068193578301561225,102.15912857055665,347.91566162109376
2021-01-13,101.83527374267578,355.57257080078125,0.003162485417875116,0.0026929177090406764,0.0015739838788131285,0.006652306909444132,102.13851890563964,348.69637908935545
2021-01-14,101.63567352294922,354.327392578125,-0.0019600302762570188,-0.0035018961666587467,0.001609345077415873,0.006211409181356651,102.10489692687989,349.1850357055664
2021-01-15,101.73979949951172,351.74334716796875,0.0010245022535220194,-0.007292818631250753,0.001637174670807674,0.006509003012212133,102.07864646911621,349.51745452880857
2021-01-19,101.878662109375,354.5052490234375,0.0013648799245367105,0.007852037224601371,0.0016766092010363387,0.006612185261731501,102.05955848693847,349.89148101806643
2021-01-20,101.88732147216797,359.4111328125,8.499682478824155e-05,0.013838677431651014,0.001675838689115502,0.007076929034717433,102.04350700378419,350.5800842285156
2021-01-21,101.73979949951172,359.73876953125,-0.0014478933249466586,0.0009115931278649292,0.0016998492153293603,0.006961753194970451,102.02007942199707,351.34685974121095
2021-01-22,101.73979949951172,358.4655456542969,0.0,-0.0035393012507719535,0.001655169565480035,0.007028283330423486,101.9892734527588,352.07899780273436
2021-01-25,102.0001220703125,359.8793029785156,0.002558709296473838,0.0039439141121311305,0.001770527939146269,0.00703362223955277,101.97495574951172,352.8663757324219
2021-01-26,101.96542358398438,359.3174743652344,-0.00034018083139353283,-0.0015611584457103644,0.0017527666191186851,0.007072766736970967,101.95413131713867,353.55872039794923
2021-01-27,101.9740982055664,350.53558349609375,8.50741484428319e-05,-0.024440478116614317,0.001751923410603328,0.009034850099723782,101.93287200927735,353.66357574462893
2021-01-28,101.9046630859375,353.55029296875,-0.0006809093765058893,0.008600295132918712,0.0017526411665517206,0.009201317488965927,101.907275390625,353.95240478515626
2021-01-29,101.7918701171875,346.4723205566406,-0.001106847962932589,-0.02001970455935953,0.0017508690274834024,0.010314665474210075,101.87300186157226,353.8625228881836
2021-02-01,101.88922119140625,352.2395935058594,0.000956373766457741,0.016645696083176453,0.0017577871428740603,0.01093243077403307,101.83968963623047,353.97253570556643
2021-02-02,101.73278045654297,357.2203063964844,-0.0015354002418901391,0.014140127863116358,0.0017663109780256471,0.010824871385130264,101.80506248474121,354.5698516845703
2021-02-03,101.611083984375,357.5011901855469,-0.0011962365682116616,0.0007863040931126442,0.0017703954897667676,0.010758481764033132,101.76955718994141,355.0623123168945
2021-02-04,101.56761932373047,361.564453125,-0.0004277551123380574,0.011365732621321456,0.0014075742096607954,0.010943596660661052,101.75704421997071,355.6540130615234
2021-02-05,101.4372787475586,362.9875183105469,-0.0012832886803857413,0.0039358547922709874,0.001417523977007698,0.010517864955575579,101.7432201385498,356.0570587158203
2021-02-08,101.54158020019531,365.6090087890625,0.0010282359101556615,0.0072219851820714,0.001417229139498177,0.010557803955522858,101.74068603515624,356.4900695800781
2021-02-09,101.58504486083984,365.3655700683594,0.0004280479046991914,-0.0006658444262886976,0.001368837851227667,0.010401977239707242,101.74856758117676,357.03121185302734
2021-02-10,101.68062591552734,365.2063903808594,0.0009408969087767449,-0.00043567238004993403,0.0013715045456831284,0.010407384125616658,101.75688705444335,357.56065063476564
2021-02-11,101.55892181396484,365.7962341308594,-0.0011969251808462422,0.0016150970123629538,0.0011908054031767971,0.01040380219013268,101.74306945800781,358.0718338012695
2021-02-12,101.32426452636719,367.6031494140625,-0.002310553158761386,0.0049396771060161715,0.00122126668305174,0.010362631315805176,101.72749900817871,358.7356216430664
2021-02-16,100.84626007080078,367.2848815917969,-0.004717571430701284,-0.0008657918811982857,0.0015583708157622994,0.010160491913863423,101.68282203674316,359.5126983642578
2021-02-17,101.046142578125,367.369140625,0.0019820517606095045,0.00022941056772585178,0.0016015016815280703,0.010080501967621521,101.64119606018066,360.15589294433596
2021-02-18,100.9939956665039,365.80560302734375,-0.0005160702852241572,-0.004256039565534109,0.0015973788027402976,0.009752890174008164,101.59652976989746,360.4756164550781
2021-02-19,100.68110656738281,365.1595764160156,-0.003098096050722643,-0.0017660380431073763,0.0016920477993886587,0.009771481952245416,101.54359512329101,360.7466567993164
2021-02-22,100.36824798583984,362.350830078125,-0.003107420967146224,-0.007691832610438487,0.0017819205009199218,0.009911509913894244,101.47501754760742,360.9409210205078
2021-02-23,100.39434051513672,362.79095458984375,0.00025996796616944984,0.0012146364108613916,0.0016298845133470145,0.009881588712623051,101.39472846984863,361.08650360107424
2021-02-24,100.35952758789062,366.7886657714844,-0.0003467618499953806,0.011019324299748057,0.0016297891940911904,0.010143788055156266,101.31443367004394,361.4600631713867
2021-02-25,99.43824768066406,357.95062255859375,-0.009179795176095684,-0.02409573696695655,0.002468315514429263,0.010098332879699676,101.18764114379883,361.83081512451173
2021-02-26,100.2465591430664,356.1062927246094,0.008128778224231636,-0.0051524699714203814,0.0032412743654076253,0.010028429985443397,101.10473594665527,361.9586151123047
2021-03-01,100.19429016113281,364.73828125,-0.0005214042494865456,0.024239921342996462,0.0032411427592025557,0.010165787611236798,101.02485694885254,362.87191314697264
2021-03-02,100.21170806884766,361.8921203613281,0.00017384132056652568,-0.0078032963222772755,0.003223682807432346,0.009855851385394564,100.94098129272462,363.3545394897461
2021-03-03,99.84606170654297,357.09869384765625,-0.0036487389482822152,-0.013245456985595427,0.003282304780838689,0.009894790909460894,100.84664535522461,363.3484588623047
2021-03-04,99.55878448486328,352.6795959472656,-0.0028772013314257716,-0.012375004379814092,0.0033108666296237017,0.010272263420673475,100.74403038024903,363.1073791503906
2021-03-05,99.48917388916016,359.1677551269531,-0.0006991908957436621,0.018396752333405875,0.003308890669499906,0.010810561244217079,100.64010810852051,362.98754425048827
2021-03-08,99.09738159179688,357.3795471191406,-0.003938039507693336,-0.004978754307107591,0.003372308644056775,0.01081149685731822,100.52311325073242,362.70714569091797
2021-03-09,99.47174072265625,362.48199462890625,0.003777689428782649,0.014277390944436474,0.0035190882274760507,0.011192754680891433,100.41962127685547,362.55079498291013
2021-03-10,99.6371078491211,364.73828125,0.0016624533285882759,0.006224548127979901,0.0035565091595220343,0.01128880178167877,100.32222442626953,362.51943054199216
2021-03-11,99.62841033935547,368.4364013671875,-8.729187301181884e-05,0.01013910605849655,0.0035349268061697805,0.011513979701368738,100.21961364746093,362.6809310913086
2021-03-12,99.06255340576172,368.9326171875,-0.005679674418836211,0.0013468154027971302,0.003686087553463056,0.01151277243727098,100.09479522705078,362.83775024414064
2021-03-15,99.16700744628906,371.1328125,0.001054425077248844,0.005963677945509005,0.003711224546890843,0.011535857233972038,99.98693237304687,363.0142333984375
2021-03-16,99.13224029541016,370.6645812988281,-0.0003505919133209856,-0.0012616270655720907,0.003612407162792257,0.011538737167533326,99.90123138427734,363.18321838378904
2021-03-17,99.12349700927734,371.9286193847656,-8.819820985339621e-05,0.0034101938780022323,0.003556191493943626,0.011556409719010561,99.80509910583496,363.4111923217773
2021-03-18,98.74042510986328,366.5171203613281,-0.0038645922608865346,-0.014549832256493311,0.0036128582770978647,0.012008227424953248,99.69242057800292,363.44676818847654
2021-03-19,98.81880187988281,365.83892822265625,0.0007937657745784588,-0.0018503696034807282,0.00360559560684357,0.01200895619045464,99.59930534362793,363.4807357788086
2021-03-22,99.01032257080078,368.76019287109375,0.0019380997064786243,0.007985111542475165,0.003621476521794157,0.011980981506636451,99.53140907287597,363.801203918457
2021-03-23,99.26278686523438,365.8576965332031,0.002549878516485693,-0.007870958942971518,0.0036881639773712616,0.01214140359768505,99.47483139038086,363.954541015625
2021-03-24,99.38465118408203,363.9979553222656,0.0012276939092301653,-0.0050832365385777845,0.0037096981845068616,0.011938704751143558,99.42608757019043,363.81500549316405
2021-03-25,99.33244323730469,366.0456237792969,-0.0005253119687530505,0.0056254943938307544,0.003095584957413885,0.010597093294965023,99.42079734802246,364.2197555541992
2021-03-26,99.16700744628906,371.9444274902344,-0.0016654759072058933,0.016114941219715684,0.0024389072570394368,0.010988872396199558,99.3668197631836,365.0116622924805
2021-03-29,99.00162506103516,371.7566223144531,-0.0016677158009782422,-0.000504928053495779,0.0024519217266194674,0.00969818127785068,99.30718650817872,365.3625793457031
2021-03-30,99.07996368408203,370.7703552246094,0.0007912862339236604,-0.0026529913137889327,0.0024659680370929093,0.009518900943237027,99.25059928894044,365.8064910888672
2021-03-31,99.09738159179688,372.273193359375,0.00017579646850074404,0.004053285581192778,0.002360259782432187,0.008897563371285498,99.21316528320312,366.5652160644531
2021-04-01,99.43045043945312,376.2934265136719,0.0033610257133556143,0.01079914757766609,0.0024233454081507315,0.008405869339999969,99.20674858093261,367.74590759277345
2021-04-05,99.22989654541016,381.69439697265625,-0.0020170269083221726,0.014353082138648832,0.0024592418023220088,0.00806482605695172,99.19378471374512,368.8722396850586
2021-04-06,99.57866668701172,381.4689025878906,0.0035147687717476117,-0.0005907720588882448,0.0024157332160281947,0.007891973203375615,99.21784896850586,370.0767074584961
2021-04-07,99.42171478271484,381.910400390625,-0.0015761599298190765,0.0011573624999030585,0.002297408763895207,0.007464894138275769,99.2153476715088,371.04812774658205
2021-04-08,99.66583251953125,383.7232971191406,0.0024553764471868522,0.004746916362218467,0.0023345601050286484,0.007434805687064608,99.2167839050293,371.99737854003905
2021-04-09,99.552490234375,386.512939453125,-0.0011372230812805029,0.007269932148837421,0.002348790184381566,0.007307590862825957,99.21298789978027,372.9012054443359
2021-04-12,99.52635955810547,386.65386962890625,-0.0002624813925600211,0.0003646195544724229,0.0019405225657146607,0.007318496551662171,99.23617820739746,373.7872680664062
2021-04-13,99.8140869140625,387.7998046875,0.00289096634534336,0.0029637232382895284,0.0020230206236303274,0.007271643402890564,99.26853218078614,374.62061767578126
2021-04-14,99.7356185913086,386.4754638671875,-0.000786144773547548,-0.0034150115711886198,0.0020330205763981297,0.007341575784472572,99.29870109558105,375.4111618041992
2021-04-15,100.12794494628906,390.6271667480469,0.003933663424579681,0.010742474669196866,0.00218524665856196,0.007588512054225176,99.34892349243164,376.3460891723633
2021-04-16,99.86640930175781,391.93280029296875,-0.002612014504757343,0.003342403335106603,0.0020681923217861593,0.0064430418556710705,99.40522270202636,377.6168731689453
2021-04-19,99.78791809082031,390.0072021484375,-0.0007859620816077495,-0.004913082403646407,0.0020892208673630587,0.006608117709193893,99.45367851257325,378.8252868652344
2021-04-20,99.94489288330078,387.1517028808594,0.0015730841517065386,-0.007321657784389646,0.0020774675937301813,0.006907343650031077,99.50040702819824,379.74486236572267
2021-04-21,100.04076385498047,390.81500244140625,0.0009592383253802517,0.00946218118966713,0.0020234748816110857,0.006624634439510519,99.53930587768555,380.9927276611328
2021-04-22,100.0669174194336,387.2456359863281,0.00026142907596193865,-0.009133135710708173,0.0020139938828062035,0.006949146445780591,99.57341918945312,382.1551116943359
2021-04-23,100.04952239990234,391.4443054199219,-0.00017383387017244623,0.010842393156735186,0.002007531716972695,0.007143218212197829,99.60927314758301,383.4250457763672
2021-04-26,99.96231842041016,392.26153564453125,-0.0008716081536463971,0.0020877305233313326,0.0019728912158746875,0.00648582389371436,99.64903869628907,384.440901184082
2021-04-27,99.71817779541016,392.17694091796875,-0.002442326557225538,-0.00021565898992237376,0.0020226235664882438,0.006478659940546217,99.68486633300782,385.4619171142578
2021-04-28,99.77050018310547,392.0642395019531,0.00052470260540316,-0.00028737389748567654,0.0020205270790790157,0.0063969204560331006,99.71939315795899,386.526611328125
2021-04-29,99.71817779541016,394.5628356933594,-0.0005244274369606838,0.006372925504708693,0.0020297367374055224,0.006441418999575372,99.75043296813965,387.6410934448242
2021-04-30,99.82279205322266,391.97027587890625,0.0010490991725413679,-0.006570714674374423,0.0019093497757506977,0.00649554166105092,99.77005004882812,388.42493591308596
2021-05-03,99.88654327392578,392.81573486328125,0.0006386439348353701,0.002156946677855265,0.0018381687699061595,0.005818177328072167,99.80288238525391,388.9810028076172
2021-05-04,100.00880432128906,390.3923034667969,0.0012239991830329533,-0.006169384730293048,0.0016951807927935653,0.006050408807675927,99.82438926696777,389.4271728515625
2021-05-05,100.08737182617188,390.514404296875,0.0007856058815622902,0.00031276443975425394,0.0016452256465439566,0.006053479094416678,99.85767211914063,389.857373046875
2021-05-06,100.10485076904297,393.6329040527344,0.00017463684530993895,0.007985620303748497,0.0015677366167546557,0.006196891968679467,99.8796230316162,390.3528533935547
2021-05-07,100.07864379882812,396.4977722167969,-0.0002617952078596275,0.007278020039906741,0.0015397923627441762,0.006197302727130445,99.90593070983887,390.85209503173826
2021-05-10,99.9214859008789,392.5715026855469,-0.0015703440013148384,-0.009902374758118948,0.0015903037287206196,0.006684448168828621,99.92568702697754,391.1479766845703
2021-05-11,99.70313262939453,389.0679016113281,-0.0021852484429722985,-0.008924746320736254,0.0015424718648257825,0.007001218331491964,99.92013931274414,391.21138153076174
2021-05-12,99.35388946533203,380.8020324707031,-0.0035028304011336386,-0.021245312467031652,0.0017197297380985243,0.008465970245285203,99.90105285644532,390.9277099609375
2021-05-13,99.5809097290039,385.3764343261719,0.002284966043036407,0.01201254579916311,0.0015419715179585585,0.008560592177641173,99.87370109558105,390.66517333984376
2021-05-14,99.80792999267578,391.2939453125,0.00227975687598847,0.015355144890150996,0.001539352248006707,0.009248603840543542,99.87077713012695,390.6332305908203
2021-05-17,99.72064208984375,390.2983093261719,-0.0008745587934589905,-0.0025444707188938542,0.001541773344231699,0.009197956807184984,99.86741333007812,390.64778594970704
2021-05-18,99.598388671875,386.93572998046875,-0.0012259589931100656,-0.008615408433381155,0.0015151592027876468,0.009257092294718468,99.85008811950684,390.6369873046875
2021-05-19,99.45862579345703,385.9212341308594,-0.0014032644531872807,-0.0026218717244349543,0.0015143718096883823,0.00899863415133334,99.82098121643067,390.39229888916014
2021-05-20,99.79924011230469,390.072998046875,0.0034246835418276778,0.010758060321210072,0.0017255332279268252,0.009103485948469004,99.80759735107422,390.5336669921875
2021-05-21,99.84288787841797,389.7536315917969,0.0004373556959367253,-0.0008187351000382703,0.0017301686734327419,0.008766905237779662,99.797265625,390.4491333007812
2021-05-24,99.93891906738281,393.7268371582031,0.0009618230302170794,0.01019414636415128,0.001735804667190176,0.00905975928834418,99.79609565734863,390.5223983764648
2021-05-25,100.18341064453125,392.85321044921875,0.0024464100615655404,-0.0022188650265497767,0.0017194364037353763,0.009075952062119336,99.8193572998047,390.5562118530273
2021-05-26,100.14849853515625,393.6329040527344,-0.0003484819407763018,0.001984694493457395,0.001722753430461658,0.009084729628422498,99.83825721740723,390.63464508056643
2021-05-27,100.0262451171875,393.8395690917969,-0.0012207214262511812,0.0005250197250654676,0.0017448555449858414,0.008970302487014355,99.8536605834961,390.5984817504883
2021-05-28,100.0262451171875,394.5440368652344,0.0,0.0017887176117474812,0.0017323079084369658,0.008844519500218535,99.86383323669433,390.7271697998047
2021-06-01,99.97991180419922,394.19647216796875,-0.000463211559466159,-0.000880927513255858,0.0017319051772574994,0.00883820035437019,99.86850166320801,390.79620666503905
2021-06-02,100.11107635498047,394.81634521484375,0.0013119090466704453,0.0015724977026452258,0.0017351550226836774,0.008712616945526797,99.87361526489258,391.0174087524414
2021-06-03,99.87493896484375,393.35113525390625,-0.002358753883530351,-0.003711117786018181,0.0018062330290274805,0.008765889729972526,99.86299362182618,391.159245300293
2021-06-04,100.28600311279297,396.94873046875,0.004115788727479641,0.009146014571742578,0.002038379036597185,0.008822408220504556,99.87205123901367,391.3250366210938
2021-06-07,100.21601104736328,396.56353759765625,-0.0006979245683065294,-0.0009703844389145067,0.002044690432285573,0.008678360126028982,99.87891960144043,391.32832489013674
2021-06-08,100.39966583251953,396.6480407714844,0.0018325892563160195,0.00021308861207969265,0.0020425414706517105,0.008356983174213423,99.90282859802247,391.5321517944336
2021-06-09,100.6008071899414,396.0563049316406,0.0020034066423826324,-0.0014918410757628342,0.0019948890947154253,0.008073939559152232,99.94771232604981,391.8815719604492
2021-06-10,100.81066131591797,397.8973388671875,0.0020860083714868694,0.004648414663830813,0.001793266641139636,0.0061881762652350805,100.0205509185791,392.73633728027346
2021-06-11,100.76691436767578,398.5548095703125,-0.0004339516046333314,0.0016523626546405268,0.0017720834354716375,0.005742549337943532,100.0798511505127,393.39525604248047
2021-06-14,100.51335144042969,399.4471435546875,-0.002516331167201402,0.0022389241402882565,0.0018544991060285515,0.004766880087513628,100.1151222229004,393.8029159545898
2021-06-15,100.55709075927734,398.71453857421875,0.0004351592919829006,-0.0018340473634366194,0.0018318246700721715,0.004741323486969623,100.15694465637208,394.2237274169922
2021-06-16,100.2334976196289,396.4883117675781,-0.00321800419249485,-0.005583510484973742,0.0019745865607949144,0.004454903482161198,100.18870010375977,394.7013565063477
2021-06-17,100.54833221435547,396.3568115234375,0.003141011759574708,-0.0003316623472565672,0.0020266552520451326,0.0043794910770439096,100.2431854248047,395.22313537597654
2021-06-18,100.81941986083984,391.0098571777344,0.0026960929188408755,-0.01349025471557197,0.001978173058250845,0.00495480894714938,100.29419441223145,395.26997833251954
2021-06-21,100.55709075927734,396.6075439453125,-0.0026019699570241084,0.014315973535760973,0.0020972475880536036,0.005872738259569745,100.32990455627441,395.6126739501953
2021-06-22,100.6620101928711,398.72784423828125,0.0010433817526096512,0.005346091685187737,0.002098561240075333,0.00556015235431082,100.36605911254883,395.8627243041992
2021-06-23,100.60952758789062,398.2473449707031,-0.0005213744974882362,-0.001205080795137481,0.0020477729432439515,0.005537234406985233,100.38736495971679,396.13243103027344
2021-06-24,100.64452362060547,400.6031799316406,0.0003478401454999336,0.005915507010123999,0.0020436173892002417,0.005653891016324141,100.41216621398925,396.48094482421874
2021-06-25,100.4433822631836,402.02618408203125,-0.0019985325598053105,0.0035521539061009744,0.002080134284273146,0.00568395505335135,100.43302307128906,396.8902755737305
2021-06-28,100.73197174072266,402.8367004394531,0.00287315571256741,0.0020160785280007865,0.002162440883386223,0.005685748829761074,100.46830940246582,397.3049087524414
2021-06-29,100.78443908691406,403.0533752441406,0.0005208609072644421,0.0005378725534468387,0.0021540514328742084,0.0056691381387545155,100.50853576660157,397.74775390625
2021-06-30,100.85437774658203,403.3926086425781,0.0006939430362622456,0.0008416587461450575,0.002144739886158385,0.0056684698077873,100.54570083618164,398.1765670776367
2021-07-01,100.79835510253906,405.62603759765625,-0.0005554805383236605,0.00553661348083101,0.0020601284574680856,0.005633262539704022,100.59187164306641,398.7903121948242
2021-07-02,101.01727294921875,408.7265319824219,0.002171839475525017,0.007643726233967918,0.0019197586211512172,0.005535857356659001,100.6284351348877,399.3792022705078
2021-07-06,101.34125518798828,407.9820251464844,0.003207196445823568,-0.0018215280332462003,0.002002749318800002,0.005558890393049528,100.68469734191895,399.9501266479492
2021-07-07,101.51640319824219,409.423828125,0.001728299199857064,0.0035339865230532563,0.001999395421467649,0.0055700565282736075,100.74053421020508,400.588916015625
2021-07-08,101.6302261352539,406.0878601074219,0.0011212270473122121,-0.008147957662492544,0.001975349446213265,0.005950441548110493,100.7920051574707,401.0904937744141
2021-07-09,101.29750061035156,410.4226989746094,-0.0032738835438537173,0.010674632987158983,0.0021094595517265518,0.006274366841254844,100.81634712219238,401.71676177978514
2021-07-12,101.23619079589844,411.8928527832031,-0.0006052450858482494,0.0035820480014061573,0.002112698072939467,0.006290522978809666,100.83981094360351,402.3836639404297
2021-07-13,101.01727294921875,410.4886779785156,-0.0021624465021707895,-0.0034090778589610515,0.0020898050438853052,0.00638945173857366,100.86500701904296,402.9357406616211
2021-07-14,101.35880279541016,411.1012878417969,0.0033809054255808935,0.00149239162039283,0.00220406494728146,0.0063444202214659505,100.90509262084962,403.555078125
2021-07-15,101.57766723632812,409.6971130371094,0.002159303729738493,-0.0034156419505741997,0.0020630276711590383,0.006233683584084269,100.97230110168456,404.21551818847655
2021-07-16,101.49012756347656,406.4836120605469,-0.0008618003861803336,-0.007843601710396775,0.002003830657087918,0.006576766459681439,101.01939086914062,404.721858215332
2021-07-19,102.0242919921875,400.48065185546875,0.005263215659836895,-0.014768025147798514,0.0022241585935612964,0.006732198512992854,101.079634475708,405.1953979492188
2021-07-20,101.92797088623047,406.2198181152344,-0.000944099724449976,0.014330695461005405,0.002127470527988299,0.0067337065494360426,101.14817848205567,405.67601165771487
2021-07-21,101.59520721435547,409.5086669921875,-0.003264694361927667,0.008096229505031527,0.0022997944922904957,0.006849491188606173,101.19483833312988,406.21505279541014
2021-07-22,101.8316421508789,410.3662109375,0.002327225299364688,0.002094080087757577,0.002323641579444508,0.006824217644016112,101.2559440612793,406.82099609375
2021-07-23,101.76158905029297,414.5880126953125,-0.0006879305793983104,0.010287888342872087,0.002341184775531058,0.007039027241987401,101.31179733276367,407.5202377319336
2021-07-26,101.67398834228516,415.6057434082031,-0.0008608425715965762,0.002454800143096625,0.0022891268313268466,0.007028433136722097,101.37332763671876,408.1992156982422
2021-07-27,101.91044616699219,413.71160888671875,0.002325647184322044,-0.004557527299674402,0.0022637904643712735,0.00716456405469076,101.43225135803223,408.74296112060546
2021-07-28,102.00679016113281,413.54193115234375,0.00094537898482705,-0.00041013529891409384,0.0022651554839382177,0.007173400260538861,101.49336891174316,409.26738891601565
2021-07-29,101.84038543701172,415.257080078125,-0.0016313102672698143,0.00414746074479555,0.002319395276679673,0.0072000831372452025,101.54266929626465,409.860612487793
2021-07-30,101.98051452636719,413.24041748046875,0.0013759677828608652,-0.004856419539618351,0.002313815012796844,0.007266264003458782,101.60177726745606,410.24133148193357
2021-08-02,102.19709777832031,412.3734436035156,0.002123770927799473,-0.002097989064668626,0.002312105059810157,0.007119349872043799,101.66076850891113,410.4236770629883
2021-08-03,102.2322006225586,415.728271484375,0.0003434818111411886,0.008135412046768264,0.0022282087500890275,0.007296724798164504,101.70531578063965,410.8109893798828
2021-08-04,102.223388671875,413.683349609375,-8.619545143240259e-05,-0.004918890571715351,0.00220986200425375,0.0073844403830601955,101.74066505432128,411.0239654541016
2021-08-05,101.99541473388672,416.30316162109375,-0.0022301543800318235,0.006332892088097175,0.002274376706068704,0.007194879647604861,101.75892448425293,411.5347305297852
2021-08-06,101.53942108154297,416.9910583496094,-0.004470726978594741,0.001652393716725431,0.0023832272527123566,0.006848528942449049,101.7710205078125,411.86314849853517
2021-08-09,101.35525512695312,416.6518249511719,-0.0018137384734737694,-0.0008135267930687862,0.002417706388381974,0.00682559754721273,101.77697372436523,412.1010971069336
2021-08-10,101.22371673583984,417.1701354980469,-0.0012977954714683548,0.0012439896235560965,0.0023833309478628545,0.006760867690437723,101.78729591369628,412.43516998291017
2021-08-11,101.32014465332031,418.206787109375,0.0009526217826214545,0.0024849612259287834,0.002266646880385419,0.006769628471709932,101.7853630065918,412.7904449462891
2021-08-12,101.32891845703125,419.46014404296875,8.659485969908509e-05,0.002996978940148054,0.002208562518374605,0.0067070894748225635,101.77292556762696,413.27859649658205
2021-08-13,101.69725799560547,420.22344970703125,0.0036350880299824695,0.0018197334714697977,0.002353261553741563,0.006360454814589225,101.7832820892334,413.96558837890626
2021-08-16,101.7499008178711,421.212890625,0.000517642494037629,0.0023545590296272234,0.0020216198411148116,0.00504618928970815,101.76956253051758,415.0022003173828
2021-08-17,101.67095184326172,418.4517822265625,-0.00077591205470251,-0.006555137461107918,0.0020184142798883096,0.004620661902593783,101.75671157836913,415.6137985229492
2021-08-18,101.67971801757812,413.87176513671875,8.622103125310865e-05,-0.010945148961903572,0.0018782228278030008,0.005123200474411374,101.76093711853028,415.83195343017576
2021-08-19,101.85509490966797,414.51263427734375,0.0017247971917027094,0.0015484727266024123,0.0018441887773152981,0.005115951294667816,101.76210975646973,416.03927459716795
2021-08-20,101.8638916015625,417.81097412109375,8.636477048429292e-05,0.007957151534115026,0.0018368094901525947,0.004903768489734781,101.7672248840332,416.200422668457
2021-08-23,101.8638916015625,421.4862365722656,0.0,0.008796471799007,0.0018243405392477897,0.005237396534951692,101.77672004699707,416.4944473266602
2021-08-24,101.71479797363281,422.1553039550781,-0.001463655330515623,0.0015874003105147416,0.0017766167375144202,0.005089928184236451,101.76693763732911,416.9166320800781
2021-08-25,101.5218734741211,423.0411682128906,-0.0018967200776599524,0.0020984321398145322,0.0018025318910944968,0.005083657425280906,101.74269180297851,417.39159393310547
2021-08-26,101.53062438964844,420.5438537597656,8.619734080816954e-05,-0.0059032421446705285,0.0017732675407916478,0.005265126313103754,101.72720375061036,417.6559326171875
2021-08-27,101.8112564086914,424.3039245605469,0.0027640135252786635,0.008940971951356014,0.0018611524864182254,0.005408196327308224,101.71874084472657,418.20910797119143
2021-08-30,101.92527770996094,426.1697998046875,0.001119928240663537,0.004397497020733665,0.00181142424634736,0.005386126190283106,101.7051498413086,418.89892578125
2021-08-31,101.77616119384766,425.5384216308594,-0.0014629983794364199,-0.001481517869444282,0.001831416738590576,0.005203852792275792,101.68234786987304,419.3894332885742
2021-09-01,101.8086929321289,425.76458740234375,0.00031964006010487545,0.0005314814361947473,0.0018352440002566285,0.005006645087436207,101.66161308288574,419.99349517822264
2021-09-02,101.91407012939453,427.074462890625,0.0010350510769829846,0.003076525213787651,0.001789967335630451,0.004891188379318287,101.65754585266113,420.53206024169924
2021-09-03,101.73841857910156,426.9707946777344,-0.001723526006467524,-0.00024274036941696053,0.0015164411447558448,0.004902131379554794,101.66749572753906,421.03104705810546
2021-09-07,101.46614837646484,425.4442138671875,-0.0026761788362675842,-0.0035753752471503475,0.0015844328906128645,0.004999610574650607,101.67304039001465,421.4706665039063
2021-09-08,101.63301086425781,424.9258117675781,0.00164451386460307,-0.0012184960629673114,0.0015887209618531289,0.005025009220224976,101.69350509643554,421.8584503173828
2021-09-09,101.9579849243164,423.1071472167969,0.003197524675251806,-0.004279957819498192,0.001718475278819304,0.005141410049813873,101.72539710998535,422.1034683227539
2021-09-10,101.75601196289062,419.7711181640625,-0.0019809430480183243,-0.007884596312491499,0.001793502697417637,0.0054409068662937075,101.74675178527832,422.11901702880857
2021-09-13,101.88770294189453,420.8453369140625,0.0012941837682467483,0.002559058266558001,0.001626997462140236,0.005456045934108652,101.75627403259277,422.15011138916014
2021-09-14,102.1160659790039,418.57427978515625,0.002241320890702614,-0.00539641747146169,0.0016948136370042075,0.0055608564897312585,101.77458229064942,422.01818084716797
2021-09-15,102.01941680908203,422.07049560546875,-0.0009464638986557139,0.008352677145158083,0.0017003019663896785,0.005676141917276489,101.79200553894043,422.1991165161133
2021-09-16,101.84380340576172,421.40142822265625,-0.001721372350608097,-0.0015852029217363617,0.0017523715613340207,0.005037446625098168,101.8002098083496,422.57559967041016
2021-09-17,101.75601196289062,417.2965393066406,-0.0008620204660004793,-0.009741041774179116,0.001719907591928428,0.005567266248401887,101.79525566101074,422.714794921875
2021-09-20,101.9491958618164,410.3384094238281,0.0018985010831225058,-0.01667430526592384,0.0017741934897611712,0.006450175427251778,101.79952087402344,422.3411666870117
2021-09-21,101.99308013916016,409.9508361816406,0.00043045241281980395,-0.0009445209936153054,0.0017762496416700482,0.00603531243206782,101.80598030090331,421.76439666748047
2021-09-22,102.02823638916016,413.9498291015625,0.0003446925021974856,0.009754810984578643,0.0017400028595713699,0.0065040117907677305,101.82165222167968,421.3541229248047
2021-09-23,101.52766418457031,418.9793395996094,-0.004906212459465986,0.012150048494917742,0.0020323670093531096,0.007112719797387329,101.82194175720215,421.1510314941406
2021-09-24,101.35202026367188,419.6695251464844,-0.0017300104588157117,0.0016473021021383705,0.002068788916348883,0.007008112795641862,101.81301155090333,421.10731506347656
2021-09-27,101.21151733398438,418.46881103515625,-0.0013862864235165695,-0.002861094359684624,0.001973839727905962,0.006698527255063108,101.78302459716797,420.81555938720703
2021-09-28,100.78997802734375,410.0359191894531,-0.004164934167023682,-0.02015178102483406,0.0021227892408710353,0.007868066853340227,101.72625961303712,420.0088653564453
2021-09-29,100.86021423339844,410.7260437011719,0.0006968570430250232,0.0016830830652176942,0.0021292422519623693,0.007908605025666942,101.68046226501465,419.26824645996095
2021-09-30,100.84266662597656,405.7060241699219,-0.0001739794779859194,-0.012222306348078527,0.002122705246224975,0.008223714445957158,101.63216094970703,418.2653182983398
2021-10-01,101.15049743652344,410.5274963378906,0.0030525849905240765,0.01188415226969708,0.0022427602778085933,0.008750138466614047,101.59398231506347,417.43796997070314
2021-10-04,101.08013916015625,405.23333740234375,-0.0006955801320832622,-0.01289599109139683,0.002221876454793484,0.009072656404882374,101.56106834411621,416.3510971069336
2021-10-05,100.84266662597656,409.44976806640625,-0.0023493491021359114,0.010404945188100756,0.0022047880866769743,0.009518720286758733,101.5298942565918,415.5513748168945
2021-10-06,100.88663482666016,411.15142822265625,0.0004360079136609407,0.004155968055094883,0.0021647193470836477,0.009613501538082811,101.49257545471191,414.86265563964844
2021-10-07,100.60518646240234,414.7060852050781,-0.002789748758508903,0.008645615066420032,0.0020572676735271305,0.009855439699273202,101.42493553161621,414.4426025390625
2021-10-08,100.38529205322266,413.9498291015625,-0.002185716431844842,-0.0018235953859747633,0.002064654669859437,0.009723477788136916,101.35639953613281,414.1515380859375
2021-10-11,100.22695922851562,410.95294189453125,-0.0015772512234469849,-0.0072397353407192,0.002019801869780857,0.009799685031770049,101.27336235046387,413.65691833496095
2021-10-12,100.59638977050781,409.94134521484375,0.0036859398392989906,-0.0024615876334257436,0.002156241786957301,0.009754508791381122,101.19737854003907,413.2252716064453
2021-10-13,100.8250961303711,411.4161376953125,0.002273504649471292,0.0035975695003289676,0.0022583727173447975,0.009570870664398965,101.13766250610351,412.6925537109375
2021-10-14,101.0185775756836,418.33642578125,0.001918981015027521,0.01682065298824642,0.0023082161892174586,0.01038555125196672,101.09640121459961,412.5393035888672
2021-10-15,100.77227020263672,421.52239990234375,-0.0024382383810773733,0.00761581809459666,0.0023511803878217934,0.010280972403973538,101.04721412658691,412.75059661865237
2021-10-18,100.7019271850586,422.7702941894531,-0.0006980394252970035,0.002960445963010372,0.0022834713209551006,0.009453375539037934,100.98485069274902,413.37219085693357
2021-10-19,100.41165161132812,426.0319519042969,-0.002882522528064757,0.007714964271785307,0.002323619576397985,0.009531767734982535,100.90577926635743,414.1762466430664
2021-10-20,100.34130096435547,427.705322265625,-0.0007006223465476635,0.00392780483681654,0.0023087350514909137,0.009368921956396074,100.8214324951172,414.86402130126953
2021-10-21,100.13021087646484,428.82086181640625,-0.002103720859325975,0.0026081965612960722,0.0021261919030070345,0.00904491431801351,100.75155982971191,415.35609741210936
2021-10-22,100.32372283935547,428.37646484375,0.0019326031693807089,-0.001036323118175475,0.002188766505659824,0.009057834042368417,100.7001449584961,415.7914443969727
2021-10-25,100.42046356201172,430.6737976074219,0.0009642856137941358,0.005362882773006339,0.0022021615021673366,0.00905682830830972,100.66059226989746,416.4016937255859
2021-10-26,100.60518646240234,431.0613708496094,0.0018394945993907008,0.0008999229680111132,0.0020654808666972814,0.007500330123847013,100.65135269165039,417.4529663085938
2021-10-27,100.93939971923828,429.1517639160156,0.0033220281039967325,-0.004430011740161222,0.002197304417518453,0.007659536896056668,100.65531196594239,418.37425231933594
2021-10-28,100.8602294921875,433.29254150390625,-0.0007843342368886175,0.009648748848440025,0.0022046812856528967,0.007023251035658163,100.65619010925293,419.75357818603516
2021-10-29,100.83386993408203,434.1717529296875,-0.0002613473936969868,0.0020291404572292393,0.002085358733150682,0.006730220982767089,100.64035873413086,420.935791015625
2021-11-01,100.77218627929688,434.9186706542969,-0.0006117354696936195,0.0017203277725217347,0.002084298131809536,0.005638227500180258,100.6249610900879,422.42005767822263
2021-11-02,100.97478485107422,436.6770324707031,0.0020104612121427667,0.004042966961526284,0.0020701639734300916,0.005406180864445632,100.63156700134277,423.7814208984375
2021-11-03,100.77218627929688,439.3431091308594,-0.002006427367744812,0.006105374136742947,0.0021187522134511194,0.005441063380951863,100.6258445739746,425.19100494384764
2021-11-04,101.1069564819336,441.4134826660156,0.003322049615048339,0.004712429743696234,0.0021441030034051543,0.00530849882854882,100.65093307495117,426.52637481689453
2021-11-05,101.5033950805664,442.9450378417969,0.0039209824173043195,0.0034696610681919093,0.002212563917847982,0.005178427993596883,100.70683822631835,427.97613525390625
2021-11-08,101.31840515136719,443.3231506347656,-0.0018224999178834134,0.0008536336580518,0.0022256517180684015,0.004585188107772031,100.76141052246093,429.59464569091796
2021-11-09,101.60027313232422,441.8578796386719,0.0027820017551196674,-0.003305198463007697,0.0021668929086221733,0.004649332435813877,100.81160469055176,431.1904724121094
2021-11-10,100.91314697265625,438.3031311035156,-0.00676303457150218,-0.008045004285231139,0.0026627607603830626,0.005347908451325176,100.81600723266601,432.53482208251955
2021-11-11,100.72811889648438,438.4449462890625,-0.001833537866200996,0.0003235550364193429,0.0026561129027388424,0.004304297828926708,100.80148429870606,433.54024810791014
2021-11-12,100.71053314208984,441.7538146972656,-0.0001745863477565779,0.007546827569137049,0.0026007045709072842,0.004299888566736279,100.79839744567872,434.55181884765625
2021-11-15,100.34053039550781,441.9051208496094,-0.003673923025112047,0.00034251238429594544,0.0027233304926185175,0.004320303127011785,100.78032760620117,435.50856018066406
2021-11-16,100.3052978515625,443.6540832519531,-0.00035112973597450914,0.003957778083632846,0.002648735242901617,0.004147221655214018,100.77500991821289,436.38966674804686
2021-11-17,100.54315948486328,442.5763244628906,0.002371376571283168,-0.002429277290006193,0.0026976199343209115,0.004237292653444414,100.78510284423828,437.13321685791016
2021-11-18,100.6312484741211,444.0794982910156,0.000876131103390243,0.003396417171544819,0.002651160502309529,0.004249646865865592,100.81015472412109,437.8961486816406
2021-11-19,100.82508087158203,443.2853698730469,0.0019261650868893643,-0.0017882573301061244,0.0026509462060989777,0.004278897907955068,100.83522262573243,438.64159393310547
2021-11-22,100.34053039550781,442.0374755859375,-0.0048058525903031946,-0.002815103705016808,0.002874019410308032,0.004303210410160498,100.83122596740722,439.20977783203125
2021-11-23,99.9441146850586,442.62359619140625,-0.003950703757361951,0.001325952295541999,0.0029653453761774545,0.004302118453198672,100.79817237854004,439.7878890991211
2021-11-24,100.17312622070312,443.80535888671875,0.0022913959102663917,0.0026699044187454835,0.002907005860087626,0.004089196638330477,100.75985870361328,440.52056884765625
2021-11-26,100.88672637939453,433.9070739746094,0.007123668648607362,-0.022303211788472166,0.0033523684800468613,0.006402610557401118,100.76118354797363,440.5512954711914
2021-11-29,100.9395751953125,439.22967529296875,0.0005238431041882929,0.012266684821715668,0.003353516519049197,0.006951468467524345,100.76646881103515,440.80419158935547
2021-11-30,101.1069564819336,430.6832580566406,0.001658232524728076,-0.019457740942998902,0.003368047726293534,0.008261735726000018,100.783207321167,440.59242095947263
2021-12-01,101.12637329101562,425.8996276855469,0.00019204226650315626,-0.011107072962805109,0.0033402134811448656,0.008518037940626654,100.79078674316406,440.05355072021484
2021-12-02,101.10868835449219,432.42279052734375,-0.00017487956848349917,0.015316197568064238,0.0033049119546433416,0.009159449514858982,100.80761184692383,439.70753479003906
2021-12-03,101.51451873779297,428.6601867675781,0.0040138032636514165,-0.008701215204631296,0.0033430154000844486,0.009228985260827969,100.8279899597168,439.0698699951172
2021-12-06,101.16163635253906,433.7369384765625,-0.003476176507967166,0.011843301210842316,0.0033195413650288666,0.009643320996776172,100.81090202331544,438.60946502685545
2021-12-07,101.00284576416016,442.7086181640625,-0.0015696720031844746,0.02068461062830318,0.0033133662832814945,0.010795269292514708,100.79512405395508,438.5787384033203
2021-12-08,100.73822021484375,443.88092041015625,-0.002619981123445747,0.002648022193368016,0.0032817406620232422,0.010781807992409048,100.75202140808105,438.67989044189454
2021-12-09,100.74701690673828,440.884033203125,8.732228816210608e-05,-0.0067515567108901164,0.0029228235619335645,0.010732989101235059,100.74371490478515,438.808935546875
2021-12-10,100.77349090576172,445.03436279296875,0.0002627770016052633,0.009413653653298937,0.002894012852893625,0.010922671882803459,100.74598350524903,439.13840637207034
2021-12-13,101.12637329101562,441.092041015625,0.0035017382258186736,-0.0088584660128318,0.002995540794261638,0.011005252120306515,100.76677551269532,439.1053176879883
2021-12-14,100.9322738647461,438.0573425292969,-0.0019193749360610912,-0.006879966546983418,0.002899967350550159,0.011110814553783845,100.79636268615722,438.91292877197264
2021-12-15,100.85286712646484,444.9019775390625,-0.0007867328778072835,0.015624974963883487,0.0029067274251925366,0.011643961090268,100.82374114990235,438.97532348632814
2021-12-16,100.99154663085938,440.9786682128906,0.0013750675448882532,-0.008818367919768089,0.002877320093092851,0.011806541723716975,100.84616050720214,438.89544067382815
2021-12-17,101.11518096923828,436.28533935546875,0.0012242048221204893,-0.010642983880472134,0.002882504624686407,0.012002542658644595,100.870357131958,438.50573272705077
2021-12-20,100.96504974365234,431.64617919921875,-0.001484754555615253,-0.010633316634254819,0.002878632331506409,0.012201537501923041,100.87735557556152,437.92377319335935
2021-12-21,100.88555908203125,439.3117370605469,-0.0007873086956616815,0.017758891959959167,0.002651425172516451,0.012910131223820648,100.9046070098877,437.78748626708983
2021-12-22,100.97386169433594,443.70428466796875,0.0008752750453897562,0.00999870305494821,0.002459330059178778,0.013109266114333043,100.95609436035156,437.84152069091795
2021-12-23,100.85023498535156,446.46502685546875,-0.0012243436757782833,0.006222031841693676,0.002451349610594309,0.01316836845162408,100.98994979858398,437.9745040893555
2021-12-27,100.90324401855469,452.7835388183594,0.0005256213157145417,0.014152311116937932,0.0018639135880374358,0.012361498685700498,100.99077568054199,438.91832733154297
2021-12-28,100.85905456542969,452.41351318359375,-0.0004379388745605617,-0.0008172241325983265,0.0018623605511234285,0.012145251130105863,100.98674964904785,439.57751922607423
2021-12-29,100.55880737304688,452.9922180175781,-0.00297689873929996,0.0012791501958286933,0.0019274020501391929,0.01109739996166436,100.95934219360352,440.6929672241211
2021-12-30,100.77959442138672,451.73992919921875,0.0021956013014432507,-0.0027644819680120447,0.0020032569652485323,0.010705461366634202,100.94200325012207,441.9849822998047
2021-12-31,100.74427032470703,450.6014709472656,-0.00035050842268713467,-0.00252016299283353,0.002003665153974477,0.01036324557204707,100.92378234863281,442.89391632080077
2022-01-03,100.05542755126953,453.2103271484375,-0.006837537968336083,0.0057897196733234235,0.002261300661393401,0.010069871651609696,100.85082778930663,444.1214233398438
2022-01-04,100.046630859375,453.0586242675781,-8.791818804654294e-05,-0.0003347295323429256,0.0021690786310286,0.00986263972730243,100.79507751464844,445.0875076293945
2022-01-05,99.73755645751953,444.35888671875,-0.00308930344980729,-0.019202233624604936,0.002232306256985144,0.009966220212818,100.7318130493164,445.1700210571289
2022-01-06,99.63153076171875,443.9414367675781,-0.0010630468558344708,-0.0009394432375470219,0.002185838736073077,0.009952745139893318,100.67647857666016,445.173046875
2022-01-07,99.34013366699219,442.18634033203125,-0.0029247477429958924,-0.003953441355522225,0.002242650357643458,0.009871380937351291,100.60613441467285,445.2381622314453
2022-01-10,99.25183868408203,441.6361083984375,-0.0008888148188539446,-0.0012443440319314103,0.002231371641769574,0.009632238930468195,100.53005180358886,445.06824951171876
2022-01-11,99.43728637695312,445.6586608886719,0.0018684559936603673,0.009108296205267097,0.00209285260230813,0.00963370305847205,100.44559745788574,445.2965805053711
2022-01-12,99.43728637695312,446.8634033203125,0.0,0.0027032851313566475,0.0020847314488493794,0.009481341830962992,100.3708480834961,445.73688354492185
2022-01-13,99.61390686035156,440.7063293457031,0.0017761997519611938,-0.013778425194054145,0.0021593862221520816,0.009379594716733528,100.30890007019043,445.52710113525393
2022-01-14,99.05754089355469,440.8865966796875,-0.005585223834025932,0.00040904185390755465,0.0023720706550830442,0.009169959791978549,100.21219978332519,445.5224975585937
2022-01-18,98.45703887939453,433.0786437988281,-0.006062153458921915,-0.017709662619959432,0.0025696728406435377,0.009722341675405142,100.07929267883301,445.3621627807617
2022-01-19,98.6689682006836,428.5816955566406,0.002152505536436644,-0.010383675820958782,0.002684152100533837,0.009708559648560412,99.96448860168456,445.2089385986328
2022-01-20,98.72198486328125,423.8381652832031,0.0005373185061572361,-0.01106797215703903,0.00270969238539123,0.008998508934834101,99.85630989074707,444.4352600097656
2022-01-21,99.11053466796875,415.51800537109375,0.0039357981428918,-0.01963051134517335,0.002905278646506965,0.009392377774952679,99.76314353942871,443.02594604492185
2022-01-24,98.99574279785156,417.2825927734375,-0.0011582206725223587,0.004246717060474525,0.00290495988852564,0.009297615576921069,99.67041893005371,441.5668243408203
2022-01-25,98.89856719970703,412.18798828125,-0.0009816139098320908,-0.012209003156174347,0.002884867609869659,0.008524807977218834,99.57018508911133,439.5370468139648
2022-01-26,98.34221649169922,411.15386962890625,-0.005625467827904629,-0.002508851984396321,0.003059684076456654,0.008493101542675002,99.4443431854248,437.4740646362305
2022-01-27,98.6689682006836,409.1236572265625,0.003322598581169345,-0.004937840921152348,0.0031947182272695565,0.008374317333545888,99.34985122680663,435.2806365966797
2022-01-28,98.73963165283203,419.2843322753906,0.0007161669310731256,0.024835217590952974,0.0031347789946139346,0.010716614257340298,99.2478530883789,433.6578567504883
2022-01-31,98.73082733154297,426.836181640625,-8.91670461159455e-05,0.018011284428997465,0.0031382474127941437,0.011764356895078546,99.14718093872071,432.46959228515624
2022-02-01,98.69628143310547,429.72027587890625,-0.00034989981722211017,0.006756911345227712,0.0028230186893969515,0.011802757114470631,99.0792236328125,431.2950897216797
2022-02-02,98.80239868164062,433.8945617675781,0.001075189936178944,0.009713960739074379,0.0028477261713708924,0.012113668563286037,99.01701202392579,430.3368865966797
2022-02-03,98.40444946289062,423.6959533691406,-0.0040277283148991705,-0.02350480807339672,0.0028978152068738624,0.012466642904410343,98.95035667419434,429.3037399291992
2022-02-04,97.78540802001953,425.688232421875,-0.006290787116334018,0.004702143215889132,0.003159249916501599,0.012562603266540531,98.85805053710938,428.3910797119141
2022-02-07,97.87381744384766,424.322021484375,0.0009041167349839174,-0.0032094167361103043,0.003147999695810327,0.012557683651033793,98.78473472595215,427.49786376953125
2022-02-08,97.57312774658203,427.8133239746094,-0.0030722179344658818,0.008227954981033125,0.003191050506270925,0.012764012710298353,98.70079917907715,426.80672454833984
2022-02-09,97.63507080078125,434.0748291015625,0.000634837230595986,0.014636068528161905,0.003147409710413382,0.013062428858721498,98.61068840026856,426.2275329589844
2022-02-10,96.7330093383789,426.27642822265625,-0.009239113107655239,-0.017965568045139158,0.003645522514371295,0.013543226398298561,98.47547454833985,425.19818420410155
2022-02-11,97.36974334716797,417.8707580566406,0.006582386024627018,-0.019718824709737626,0.004004646401118699,0.013870137931224087,98.36326637268067,424.05640563964846
2022-02-14,96.80374145507812,416.504638671875,-0.0058129134640089175,-0.0032692390133229887,0.004018275745534279,0.013852998581185081,98.25057640075684,422.8373077392578
2022-02-15,96.64456939697266,423.2215576171875,-0.0016442758896807463,0.01612687668192847,0.0038515645751182577,0.013995215088548998,98.15995292663574,422.3444534301758
2022-02-16,96.759521484375,423.6959533691406,0.0011894314198883649,0.0011209158499014826,0.003816974158013674,0.013827134619943043,98.06448059082031,422.1001663208008
2022-02-17,96.96295166015625,414.6451416015625,0.002102430568696967,-0.021361572362464165,0.003865235587462532,0.014420736361029437,97.97652893066406,421.64051513671876
2022-02-18,97.16633605957031,411.9602966308594,0.0020975475264708443,-0.006475042636054917,0.003764961740834412,0.013813303692431828,97.87931900024414,421.462629699707
2022-02-22,97.06021881103516,407.539306640625,-0.0010921194812789636,-0.010731592404390922,0.003764829148891379,0.013956881600240247,97.78254280090331,420.97546539306643
2022-02-23,96.62686920166016,400.3100280761719,-0.004464749973608462,-0.017738849840140736,0.0038446236636988985,0.0142406778909704,97.66895790100098,420.3815673828125
2022-02-24,96.80374145507812,406.33441162109375,0.0018304665656592167,0.015049294602671237,0.0037485277408991534,0.014700215528830735,97.59203414916992,420.1405944824219
2022-02-25,96.9010238647461,415.29974365234375,0.001004944728433932,0.0220639251189243,0.0036494948290287034,0.015488686204601384,97.50363693237304,420.44939880371095
2022-02-28,97.59966278076172,414.2371826171875,0.007209819753718927,-0.002558540069906079,0.0040657155918785316,0.014432481338963745,97.44663848876954,420.1970413208008
2022-03-01,98.14967346191406,407.92822265625,0.005635374810544436,-0.015230308204292387,0.004296494492257709,0.014097938258386384,97.41758079528809,419.251643371582
2022-03-02,96.97174072265625,415.4325866699219,-0.012001392339984651,0.01839628541709315,0.005032460135857779,0.014712604849420101,97.33135375976562,418.5372589111328
2022-03-03,97.2994155883789,413.3643493652344,0.0033790758346787797,-0.004978514856685545,0.005105147233238365,0.014483695696371294,97.25620460510254,417.5107482910156
2022-03-04,97.68913269042969,410.0059814453125,0.004005338569549766,-0.008124474026555584,0.005149815590530105,0.013686082838272147,97.22043876647949,416.82624969482424
2022-03-07,97.1222915649414,397.9193420410156,-0.0058024993146839066,-0.029479178234644854,0.005121257702739718,0.01494070463761587,97.18728294372559,415.43780517578125
2022-03-08,96.77688598632812,394.90240478515625,-0.0035563985676998477,-0.00758178087143202,0.005161756425991267,0.014971866848869317,97.1324363708496,413.9668243408203
2022-03-09,96.57319641113281,405.4900817871094,-0.002104733719413998,0.02681086991028403,0.005141375138914949,0.016258048912186834,97.08243980407715,412.8506622314453
2022-03-10,96.03292846679688,403.6590576171875,-0.005594388136806572,-0.004515583123148259,0.005256258465175664,0.015748524572531016,97.00233268737793,411.3298736572266
2022-03-11,96.01522827148438,398.5265197753906,-0.00018431381397077118,-0.01271503201760027,0.004867980671202514,0.015537179059415387,96.9664436340332,409.94237823486327
2022-03-14,95.08528137207031,395.61395263671875,-0.009685410493266988,-0.0073083395812991725,0.0050039345870942385,0.015085912587748704,96.85222053527832,408.8295379638672
2022-03-15,95.29782104492188,404.3136901855469,0.0022352531305018797,0.021990472001418127,0.004934410644403789,0.016055354701854894,96.77692451477051,408.2199905395508
2022-03-16,95.36870574951172,413.27899169921875,0.0007438229312339839,0.022174123041833083,0.004941082375997069,0.016454040937439036,96.71313133239747,407.72286224365234
2022-03-17,95.5280990600586,418.44952392578125,0.001671337670928752,0.012510997003025937,0.004951701593984644,0.01672831606171561,96.65156021118165,407.4605407714844
2022-03-18,95.74064636230469,423.0326843261719,0.002224971545937038,0.010952719834384395,0.004955333115337661,0.01615713369934427,96.59044494628907,407.87991790771486
2022-03-21,94.80184936523438,422.9090576171875,-0.009805626269930201,-0.00029223914265941175,0.005313341645702663,0.016062928722911624,96.47222061157227,408.42735595703124
2022-03-22,94.54502868652344,427.8576354980469,-0.0027090260414806,0.011701281378888817,0.005323623624577857,0.015951501602268953,96.34646110534668,409.44327239990236
2022-03-23,94.93470001220703,422.3475341796875,0.004121542201606321,-0.012878352192886244,0.005400498497378671,0.015660394689789536,96.26185264587403,410.54514770507814
2022-03-24,94.72213745117188,428.7140808105469,-0.0022390396873621654,0.015074189182197939,0.0053700112327369565,0.015661420545563062,96.15777244567872,411.6641311645508
2022-03-25,93.9693374633789,430.80780029296875,-0.007947455664004899,0.004883719887304405,0.005557565498932842,0.01500671497447388,96.01118812561035,412.43953399658204
2022-03-28,94.1996078491211,433.87213134765625,0.0024504842958152917,0.007112988791297736,0.005257900303983596,0.015009897024534983,95.84118537902832,413.4212814331055
2022-03-29,94.64242553710938,439.239501953125,0.004700844282680361,0.012370858180720479,0.005192482011818754,0.014563385093945894,95.66582298278809,414.9868453979492
2022-03-30,94.89928436279297,436.5272521972656,0.0027139924217483014,-0.006174876676162011,0.004689853302835876,0.014301764819503793,95.56220016479492,416.0415786743164
2022-03-31,94.85501098632812,429.8085021972656,-0.0004665301404759292,-0.015391364379156336,0.004575317394553653,0.014773050852949136,95.43997993469239,416.863786315918
2022-04-01,94.68647003173828,431.026611328125,-0.0017768271052558404,0.002834074069340664,0.004404498952479125,0.014577515785195071,95.28984680175782,417.9148178100586
2022-04-04,94.76628112792969,434.7191162109375,0.0008428986334019228,0.008566767772028694,0.004316634915570999,0.012505633803297196,95.17204627990722,419.7548065185547
2022-04-05,93.8083267211914,429.22802734375,-0.010108599760763948,-0.012631348984715629,0.004732076858196227,0.0128098005455222,95.02361831665038,421.47108764648436
2022-04-06,93.56884765625,424.93603515625,-0.0025528550962555796,-0.009999328827757892,0.00473592181242728,0.012018208282150554,94.87340087890625,422.4433853149414
2022-04-07,93.36485290527344,427.0772399902344,-0.002180156709057579,0.005038887401481507,0.0046437956344309575,0.011917765222454267,94.73999710083008,423.6142944335937
2022-04-08,92.89472961425781,425.935302734375,-0.005035334779487144,-0.002673842455021669,0.004703397341192146,0.011427131136776094,94.58397216796875,424.98473358154297
2022-04-11,92.49556732177734,418.6550598144531,-0.004296931528171455,-0.01709236795631852,0.004360086782227466,0.012099051336447446,94.4544864654541,426.1367889404297
2022-04-12,92.78832244873047,417.10382080078125,0.003165071964310151,-0.0037052914501006784,0.004405282763689919,0.011303755173995435,94.32901153564453,426.7762954711914
2022-04-13,92.97457885742188,421.8811950683594,0.002007325962750439,0.011453681384184566,0.004445377605480938,0.010503598205994037,94.20930519104004,427.20640563964844
2022-04-14,92.22065734863281,416.6280517578125,-0.008108899422337945,-0.012451712406132964,0.004639525915864821,0.010557165910814405,94.04393310546875,427.11533203125
2022-04-18,91.9367904663086,416.7993469238281,-0.0030781268588346844,0.0004111465017606619,0.004551090749892871,0.010230994345023748,93.85374031066894,426.8036651611328
2022-04-19,91.37796783447266,423.527587890625,-0.006078335223598241,0.01614263797785287,0.0042837485116176644,0.010902768292266302,93.68254623413085,426.8345916748047
2022-04-20,91.90133666992188,423.2135314941406,0.005727516685392731,-0.0007415252405363892,0.0045964737685427574,0.010557238312940661,93.55036163330078,426.6023864746094
2022-04-21,91.3957290649414,416.88494873046875,-0.005501634941354916,-0.01495363993048382,0.004489727414963191,0.01069468635364329,93.3734130859375,426.3292572021484
2022-04-22,91.3070297241211,405.446044921875,-0.0009704976559384848,-0.02743899448379805,0.00449346802878734,0.011602508822717201,93.20265769958496,425.16585540771484
2022-04-25,91.91903686523438,407.7966613769531,0.006702738474380521,0.005797606079820161,0.0046347178326382596,0.011635790790575022,93.10014266967774,424.0152984619141
2022-04-26,92.20289611816406,395.9864807128906,0.0030881443345176507,-0.0289609547664873,0.00466248129920924,0.012778329995565217,93.00030708312988,422.12101593017576
2022-04-27,91.83032989501953,397.09991455078125,-0.004040721483054788,0.0028117976045194393,0.004500918700806636,0.012284091412133503,92.8597023010254,420.01403656005857
2022-04-28,91.79486846923828,407.1304626464844,-0.0003861624565847377,0.02525950706146629,0.004400512304634644,0.014009932204663608,92.70448150634766,418.54419708251953
2022-04-29,91.24494171142578,392.08465576171875,-0.0059908224390210485,-0.03695573843077926,0.0044945314127287275,0.015709239760094956,92.52397804260254,416.6580047607422
2022-05-02,90.74822998046875,394.44482421875,-0.005443717992915653,0.006019537929751628,0.0045622944253442994,0.015803001277760475,92.32706604003906,414.82891540527345
2022-05-03,90.95256805419922,396.2529296875,0.002251703132660987,0.004583924943954321,0.00462081784676299,0.01565667556113419,92.13638038635254,412.9056060791016
2022-05-04,91.53903198242188,408.3200378417969,0.006448019454196929,0.03045304463442955,0.0045824346760309255,0.017351857401981696,92.02291564941406,411.8602066040039
2022-05-05,90.63270568847656,393.80712890625,-0.009900981846949763,-0.03554297509437898,0.004973357769022928,0.018822278893521636,91.8761085510254,410.3037612915039
2022-05-06,90.2506332397461,391.45660400390625,-0.004215613401675644,-0.005968721056096804,0.00500697482062136,0.018716172785844094,91.72039756774902,408.5227294921875
2022-05-09,90.69490051269531,378.9231872558594,0.004922594523730783,-0.03201738486425387,0.005149149774064253,0.01971553612866744,91.6104061126709,406.17212371826173
2022-05-10,90.97039794921875,379.7987060546875,0.0030376287417048786,0.0023105442693243106,0.005176959687770639,0.01959962780274223,91.53414764404297,404.22930603027345
2022-05-11,91.30803680419922,373.76513671875,0.0037115244364320787,-0.015886229309766797,0.0052004776100588,0.01975654889685067,91.4601333618164,402.0623718261719
2022-05-12,91.47684478759766,373.375,0.0018487746457678256,-0.001043801790009069,0.005196106496878057,0.019393610111559312,91.3852466583252,399.6370620727539
2022-05-13,91.08590698242188,382.30157470703125,-0.00427362581299684,0.023907799684047548,0.004978335485365732,0.02042474577699196,91.32850914001465,397.92073822021484
2022-05-16,91.2902603149414,380.7503967285156,0.0022435230574029408,-0.004057472114009308,0.004981526530546324,0.02039733125268197,91.29618263244629,396.11829071044923
2022-05-17,90.79267120361328,388.5825500488281,-0.005450626491933508,0.020570309020313315,0.004945322553572278,0.020653464557108224,91.26691780090331,394.37103881835935
2022-05-18,91.15696716308594,372.91815185546875,0.004012393893067401,-0.04031163569077156,0.004849057523146792,0.02215619210538191,91.22969932556153,391.8562698364258
2022-05-19,91.38799285888672,370.6341857910156,0.002534372335879276,-0.006124577345160476,0.004735278372112284,0.022057636407640323,91.22931251525878,389.5437316894531
2022-05-20,91.66345977783203,370.7959899902344,0.0030142572380451593,0.0004365603752212177,0.004775667870240454,0.02148016241280256,91.24713401794433,387.8112289428711
2022-05-23,91.3613510131836,377.7336120605469,-0.003295847280701314,0.018710078473327618,0.004579032358844702,0.021985714696982645,91.2192497253418,386.3080764770508
2022-05-24,92.06330108642578,374.8500671386719,0.007683227814143212,-0.007633805490978696,0.004864084892756324,0.021193345078597808,91.21226997375489,385.25125579833986
2022-05-25,92.44538116455078,378.1618347167969,0.004150188768120788,0.00883491259159852,0.004856498145358841,0.021315597749338475,91.24302253723144,384.3043518066406
2022-05-26,92.37427520751953,385.7180480957031,-0.0007691672221533663,0.019981427751864622,0.004860286849590056,0.02098758655528612,91.27199287414551,383.2337310791016
2022-05-27,92.52533721923828,395.1871032714844,0.0016353255425212154,0.02454916284713704,0.004632444117093713,0.020160903885051124,91.33601264953613,383.3888534545898
2022-05-31,91.93888092041016,392.9696960449219,-0.00633833192564881,-0.0056110313525064015,0.004698806895374589,0.02016374310822473,91.3955451965332,383.3150970458984
2022-06-01,91.56148529052734,389.7911376953125,-0.004104853421149635,-0.008088558434913073,0.004799552173509773,0.020211401920946774,91.42599105834961,382.99200744628905
2022-06-02,91.67718505859375,397.214111328125,0.0012636292181071873,0.01904346434529458,0.0045879000860100305,0.01943406176438788,91.4328987121582,382.4367111206055
2022-06-03,91.52588653564453,390.6952209472656,-0.0016503399711991218,-0.016411527674741522,0.003972330013431494,0.01807806363088505,91.4775577545166,382.28111572265624
2022-06-06,90.965087890625,391.88482666015625,-0.00612721347201739,0.0030448432668470637,0.004112248174694658,0.018040058485252145,91.51328048706054,382.3025268554687
2022-06-07,91.3122329711914,395.64385986328125,0.0038162452058949636,0.009592188692686632,0.004055289161738803,0.01645771452769021,91.54414710998535,383.13856048583983
2022-06-08,90.9383773803711,391.34234619140625,-0.0040942552673994825,-0.010872186095245984,0.0041193055392768395,0.0167187905044647,91.54254608154297,383.71574249267576
2022-06-09,90.84043884277344,382.03509521484375,-0.0010769769641699733,-0.023782887456831214,0.004029832821786732,0.017239403289925723,91.51916618347168,384.12924041748045
2022-06-10,90.13721466064453,370.95782470703125,-0.007741312031154357,-0.028995426458354623,0.004326708746987027,0.018519488380184898,91.45218467712402,384.00838165283204
2022-06-13,88.65958404541016,356.8731689453125,-0.016393124868540387,-0.037968347945867675,0.005530570297999169,0.019432911918081993,91.33086853027343,382.7369613647461
2022-06-14,88.13438415527344,355.7977600097656,-0.005923780218365593,-0.003013420534598077,0.005553954780393511,0.019432044303352308,91.17307472229004,381.4893295288086
2022-06-15,89.11355590820312,360.8702087402344,0.011109985759979901,0.014256550491856812,0.00617215992276814,0.019073488213186638,91.08911895751953,380.1037124633789
2022-06-16,89.32719421386719,348.9267883300781,0.0023973715725600364,-0.03309616621402378,0.00611460072492861,0.018397164084643567,90.9976303100586,378.9041442871094
2022-06-17,89.31829071044922,349.6790466308594,-9.967293270907174e-05,0.002155920169905734,0.006062715816473563,0.018420035997061587,90.89414520263672,377.85638732910155
2022-06-21,88.96221923828125,358.48162841796875,-0.00398654597323489,0.02517331785224708,0.00601291205500888,0.01944667884071346,90.75908317565919,377.2406692504883
2022-06-22,89.7188720703125,357.83172607421875,0.008505327750475633,-0.0018129306838348125,0.006392136700719604,0.018856262591894764,90.67695922851563,376.2455749511719
2022-06-23,90.09272003173828,361.33941650390625,0.004166882092909052,0.009802625575352053,0.00618913310428122,0.01901045769758242,90.57843017578125,375.5700424194336
2022-06-24,89.95030975341797,372.8277893066406,-0.001580707944772275,0.03179385441502247,0.006066518008583551,0.020325321975978222,90.45367660522462,375.30334014892577
2022-06-27,89.5496826171875,371.4036865234375,-0.0044538716690216695,-0.0038197334642129377,0.0061037999421658965,0.019750877109729944,90.31244697570801,374.5876220703125
2022-06-28,89.58531188964844,363.8148498535156,0.000397871566036212,-0.020432852298688742,0.006076193872288412,0.01915629169101423,90.16544570922852,373.0190093994141
2022-06-29,90.10161590576172,363.5185241699219,0.005763266379529508,-0.000814495845106511,0.006180706427389013,0.019164453155655466,90.07358245849609,371.54645080566405
2022-06-30,90.51107025146484,360.5652770996094,0.004544361847309997,-0.008124062115008046,0.00625349735396015,0.019164881499926508,90.02106170654297,370.0851577758789
2022-07-01,91.2655029296875,364.3787536621094,0.00833525309254024,0.010576383264566225,0.006554595016354992,0.01872415860739703,90.00047760009765,368.4433898925781
2022-07-05,91.43498229980469,365.06695556640625,0.0018569926716751617,0.0018886993200899482,0.006560793693809875,0.01853901091593938,89.99593238830566,367.16197662353517
2022-07-06,90.81964874267578,366.2998962402344,-0.006729738899180826,0.003377300122699989,0.006591579840868078,0.01854507420830863,89.9886604309082,365.8827301025391
2022-07-07,90.61451721191406,371.7859802246094,-0.002258669061173446,0.014977028496827582,0.006543383380092731,0.018778280433713216,89.95377464294434,364.6898361206055
2022-07-08,90.27565002441406,371.4801940917969,-0.0037396567120422386,-0.000822478923567127,0.006533213767150161,0.01868900250642746,89.92063827514649,363.696728515625
2022-07-11,90.69479370117188,367.236572265625,0.004642931694697872,-0.011423547994387051,0.00662406467199225,0.01814227134263393,89.91335601806641,362.95680236816406
2022-07-12,90.81964874267578,363.98681640625,0.0013766505927041983,-0.008849216294896767,0.006376680245393677,0.0170820823197223,89.94747772216797,362.608251953125
2022-07-13,91.14961242675781,362.0753479003906,0.0036331750744482694,-0.005251477305502128,0.005032048026519224,0.014742594018963565,90.07197914123535,362.8683609008789
2022-07-14,90.82855987548828,361.1960144042969,-0.003522259093833302,-0.0024285925600647795,0.004874322496882762,0.014735153751783912,90.2066879272461,363.13827362060545
2022-07-15,91.18529510498047,368.0967712402344,0.00392756672550143,0.01910529618472845,0.004368795355862057,0.01500465530629331,90.31027488708496,363.49960174560545
2022-07-18,90.89099884033203,365.0574035644531,-0.0032274531141190943,-0.008256979993442104,0.004464860497590564,0.012906633107489055,90.3884651184082,364.3061325073242
2022-07-19,90.76611328125,374.9209289550781,-0.0013740145963344608,0.027019107938413667,0.004488570730540628,0.014035899481291567,90.46085624694824,365.56822662353517
2022-07-20,90.70372009277344,377.3103332519531,-0.0006874061940189691,0.00637308859639929,0.004361697579863549,0.013113122739084222,90.54793128967285,366.50966186523436
2022-07-21,91.46171569824219,381.152587890625,0.008356830400048088,0.01018327435020483,0.004348316838764345,0.013172759632600187,90.63507347106933,367.6757049560547
2022-07-22,92.1751480102539,377.6162109375,0.0078003381695301854,-0.009278113452399817,0.004559619767597174,0.013362322171086974,90.73919486999512,368.4895446777344
2022-07-25,91.83627319335938,378.07501220703125,-0.0036764228125441,0.0012149935734808714,0.004648957929528702,0.011416477729910812,90.83349304199218,368.7519058227539
2022-07-26,91.81845092773438,373.60205078125,-0.0001940656453629508,-0.011830883505551282,0.004478050426987578,0.011722092696361135,90.94693145751953,368.86182403564453
2022-07-27,92.13947296142578,383.3031005859375,0.0034962693276547885,0.02596626486498499,0.004500149070563079,0.011978982490369989,91.0746395111084,369.83623657226565
2022-07-28,92.79943084716797,388.1106262207031,0.007162596708345292,0.012542360412468812,0.004581436692956243,0.012145080567419591,91.20953025817872,371.0658416748047
2022-07-29,92.80831909179688,393.768798828125,9.577908558022763e-05,0.014578762407304602,0.0045328786197452835,0.012077188351646647,91.32439270019532,372.7260177612305
2022-08-01,93.1299819946289,392.6026611328125,0.0034658843730794864,-0.002961478153634789,0.004255339295819086,0.012097063716279227,91.41761665344238,374.1372131347656
2022-08-02,92.1739501953125,390.0125732421875,-0.010265564094831925,-0.006597224489389819,0.004938422818476334,0.01231471829147066,91.45456504821777,375.3844940185547
2022-08-03,92.5849838256836,396.1199951171875,0.004459325324564389,0.015659551240178704,0.00471526731301428,0.012617014604316334,91.54283180236817,376.87549896240233
2022-08-04,92.8083267211914,395.8524475097656,0.0024123015015946603,-0.0006754206066843516,0.00466212424923257,0.012383309871925737,91.65252227783203,378.07882232666014
2022-08-05,91.7718505859375,395.183349609375,-0.011167921800461111,-0.0016902709699024854,0.005325633411904918,0.012399704706812509,91.7273323059082,379.26398010253905
2022-08-08,92.19180297851562,394.72454833984375,0.00457604799180622,-0.0011609833004977421,0.005323137299097266,0.011968865619474684,91.80218276977538,380.63837890625
2022-08-09,91.98631286621094,393.1570739746094,-0.002228941247114702,-0.0039710587340638925,0.005364628240196448,0.011747695148019707,91.86051597595215,382.09689178466795
2022-08-10,92.21861267089844,401.4149169921875,0.002525373584930657,0.021003928364039526,0.005337880904160319,0.012128842606437379,91.91396598815918,384.0638702392578
2022-08-11,91.72718048095703,401.4149169921875,-0.0053289913576902714,0.0,0.005425821820722367,0.012059990583737334,91.95889701843262,386.07481536865237
2022-08-12,92.13818359375,408.21044921875,0.004480712375960261,0.016928947926204696,0.005445552558284644,0.01193865883107402,92.0065414428711,388.08049926757815
2022-08-15,92.25434875488281,409.8926696777344,0.0012607711222634155,0.004120963738688976,0.005374398204927848,0.011514787311951885,92.07470893859863,390.3222625732422
2022-08-16,92.12032318115234,410.695556640625,-0.0014527832621372694,0.0019587736553616786,0.005376071748851107,0.010402157666825122,92.14241943359374,392.11099395751955
2022-08-17,91.57530212402344,407.7804260253906,-0.005916404093124328,-0.007098033003033466,0.005573412534699043,0.010714013726616834,92.18599853515624,393.6344985961914
2022-08-18,91.7718505859375,408.9656066894531,0.0021463042693310452,0.002906418720521664,0.005277366659722283,0.010614098263704649,92.20150527954101,395.0251495361328
2022-08-19,91.12854766845703,403.469970703125,-0.00700980652970562,-0.013437892811610452,0.005190543408380043,0.010915807567407973,92.14917526245117,396.3178375244141
2022-08-22,90.73539733886719,395.0686340332031,-0.0043142389476039655,-0.020822706223417087,0.005212624028467474,0.012183745455894268,92.09413146972656,397.16751861572266
2022-08-23,90.69967651367188,394.1128845214844,-0.0003936812560803027,-0.0024191986641957097,0.005212017356523451,0.011785663122471752,92.03819274902344,398.19306030273435
2022-08-24,90.45840454101562,395.3744812011719,-0.0026601194395646788,0.003201104884503536,0.005138650521279041,0.010447986554188906,91.95413932800292,398.79662933349607
2022-08-25,90.95878601074219,400.9562683105469,0.005531619447253,0.014117722247569464,0.005015298181532986,0.010540327532036197,91.86210708618164,399.4389114379883
2022-08-26,90.78900909423828,387.3841857910156,-0.0018665257524859147,-0.033849283805234,0.0050121485289807005,0.01275221896463581,91.76114158630371,399.1196807861328
2022-08-29,90.35118103027344,384.8227233886719,-0.004822478715572065,-0.0066122017787416665,0.004958224002915828,0.012811691086086235,91.62220153808593,398.7306838989258
2022-08-30,90.46736907958984,380.5982666015625,0.0012859604931725332,-0.010977669795353195,0.0045386685231830785,0.012950511922565326,91.5368724822998,398.25996856689454
2022-08-31,89.98484802246094,377.7022705078125,-0.005333647502276828,-0.007609062751674944,0.004454784575606681,0.012395057541711673,91.40686569213867,397.3390823364258
2022-09-01,89.5945053100586,378.8874816894531,-0.004337871552607564,0.0031379509052120724,0.004405078429645855,0.012450637914558148,91.24617462158203,396.49083404541017
2022-09-02,89.8541259765625,374.8923034667969,0.0028977297838237437,-0.010544497814606646,0.003918505774921535,0.012591412655859786,91.15028839111328,395.4762817382813
2022-09-06,89.01254272460938,373.4777526855469,-0.009366105816583703,-0.0037732190502952623,0.004101216092862714,0.012589725075256889,90.99132537841797,394.41394195556643
2022-09-07,89.63030242919922,380.1872863769531,0.006940142205588806,0.01796501570216802,0.004533943627814934,0.01340133062259974,90.87352485656739,393.7654525756836
2022-09-08,89.34381866455078,382.6722717285156,-0.0031962824723785754,0.006536213704680938,0.0044606700048878236,0.012476076782317238,90.72978515625,392.8283203125
2022-09-09,89.33484649658203,388.61712646484375,-0.00010042292911649486,0.015535107128288761,0.004381455098749913,0.013095905102279218,90.61016845703125,392.1884307861328
2022-09-12,89.20056915283203,392.79388427734375,-0.0015030791344690098,0.010747745089093153,0.004164032934940628,0.012704263678433811,90.46328773498536,391.4176025390625
2022-09-13,88.69918060302734,375.71429443359375,-0.00562091200276571,-0.04348232120561846,0.0041984641969815785,0.015646184028558725,90.28552932739258,389.7086837768555
2022-09-14,88.81555938720703,377.14788818359375,0.0013120615476769348,0.003815648675707717,0.004260912533338118,0.01569026301135205,90.12029113769532,388.0313003540039
2022-09-15,88.54696655273438,372.86602783203125,-0.003024164192916623,-0.011353266147623553,0.004162378337347624,0.015761273060778777,89.96887435913087,386.28558044433595
2022-09-16,88.48430633544922,370.021484375,-0.0007076495076524525,-0.007628861963022926,0.004072546247433423,0.015681985194010463,89.80449714660645,384.33837432861327
2022-09-19,88.35001373291016,372.8909606933594,-0.0015176996701533607,0.007754891106407369,0.0038846218713899506,0.01578841124976696,89.6655704498291,382.809423828125
2022-09-20,87.95606994628906,368.6107177734375,-0.004458898985709503,-0.011478537618512141,0.0038901901991514427,0.015391847097313987,89.5266040802002,381.48652801513674
2022-09-21,88.2336196899414,362.1807861328125,0.003155549626328691,-0.01744369148966818,0.00402422082471972,0.015707648632982334,89.40330123901367,379.8899230957031
2022-09-22,87.29352569580078,359.1385192871094,-0.010654600790993007,-0.00839985709398594,0.0045250314864804355,0.015638003651634858,89.24505729675293,378.078125
2022-09-23,87.02493286132812,353.1212158203125,-0.0030768929577738025,-0.016754826184451677,0.004191107384230134,0.015202780003528905,89.04836463928223,375.6863723754883
2022-09-26,85.90577697753906,349.6278991699219,-0.012860175204873814,-0.009892684137585817,0.004818997412070916,0.013789424825426728,88.80420303344727,373.7985580444336
2022-09-27,85.53870391845703,348.7353820800781,-0.0042729729244869175,-0.002552762785700824,0.004808110392400751,0.013794675363688625,88.56357917785644,371.9941909790039
2022-09-28,86.91747283935547,355.59722900390625,0.01611865573989535,0.01967637147369361,0.006354221984199342,0.014744733361949387,88.38608436584472,370.74413909912107
2022-09-29,86.46088409423828,348.1691589355469,-0.0052531295515353404,-0.02088899873929495,0.006352010717993194,0.015240289758904157,88.20988616943359,369.2674835205078
2022-09-30,86.25495147705078,342.78521728515625,-0.002381800965197689,-0.015463580021995327,0.006328752283684474,0.015352077028390755,88.0429084777832,367.46237030029295
2022-10-03,86.95575714111328,351.8352355957031,0.00812481662863096,0.026401425307143178,0.006636808021214477,0.01679023299341715,87.89799003601074,366.3095169067383
2022-10-04,87.18904113769531,362.7373352050781,0.0026827895501324583,0.030986378015596783,0.00644034258562126,0.018428746717465583,87.80681495666504,365.77249603271486
2022-10-05,86.7314224243164,361.892822265625,-0.005248580640498157,-0.002328166575342072,0.006220929912529539,0.01786240124404847,87.6618709564209,364.85777282714844
2022-10-06,86.39041900634766,358.1596374511719,-0.0039317171151702635,-0.010315719419582758,0.006232873816490757,0.017820531681673274,87.51420097351074,363.63214111328125
2022-10-07,85.93284606933594,348.1691589355469,-0.005296570409944357,-0.0278939262579162,0.006272572667657362,0.0180677014714944,87.34410095214844,361.60974273681643
2022-10-10,85.54700469970703,345.51080322265625,-0.004490033639960922,-0.0076352417917140425,0.00629761388745243,0.01767024250630861,87.16142272949219,359.245588684082
2022-10-11,85.60083770751953,343.3226623535156,0.0006292798678513289,-0.006333060641610433,0.00626714056815666,0.015349979388627531,87.00650558471679,357.6260070800781
2022-10-12,85.67263793945312,342.1902160644531,0.0008387795476829663,-0.0032984897684861236,0.006255823159575884,0.015231882324105807,86.8493595123291,355.8781234741211
2022-10-13,85.40342712402344,351.2210388183594,-0.003142319670604077,0.026391236014197572,0.006257114356815196,0.016642592073350546,86.69218254089355,354.7958740234375
2022-10-14,84.93683624267578,343.21710205078125,-0.005463374211787442,-0.022788887574919814,0.006304119360520805,0.017207133191858633,86.51480903625489,353.4556549072266
2022-10-17,85.1163101196289,352.0367431640625,0.002113027573105608,0.025696974482280588,0.006371411914765563,0.018266117037158112,86.35312385559082,352.4129440307617
2022-10-18,85.25984954833984,356.1730651855469,0.001686391580053126,0.011749688354424581,0.0063868012477287335,0.01841746448552699,86.21831283569335,351.7910614013672
2022-10-19,84.52407836914062,353.64898681640625,-0.008629749912730689,-0.007086662681316747,0.006474224063549184,0.018089877541479425,86.03283576965332,351.3644714355469
2022-10-20,84.01265716552734,350.68359375,-0.006050597811664504,-0.008385130954569053,0.006232327091597377,0.018089562357427723,85.86879234313965,350.9417251586914
2022-10-21,84.13826751708984,359.2056884765625,0.0014951360402160052,0.02430137844611524,0.006270436088724672,0.01853590761648136,85.72445907592774,351.2459487915039
2022-10-24,84.0216293334961,363.60113525390625,-0.0013862679495992847,0.012236573412813812,0.005690477298914702,0.018510864033844672,85.63025169372558,351.9446105957031
2022-10-25,84.84711456298828,369.4073181152344,0.009824675337057442,0.015968549870653215,0.006131853179664809,0.01872664411150911,85.59567222595214,352.97820739746095
2022-10-26,85.22399139404297,366.6241149902344,0.004441834386423427,-0.007534239276038912,0.0049120280119436905,0.01844137302747885,85.51099815368653,353.52955169677733
2022-10-27,85.65467834472656,364.6664123535156,0.005053588122765351,-0.005339808694174164,0.004979420369508099,0.017754391075634795,85.47068786621094,354.35441436767576
2022-10-28,85.43934631347656,373.342041015625,-0.002513955284302982,0.023790588790774114,0.004982196583540594,0.017837478193325193,85.42990760803222,355.8822555541992
2022-10-31,85.15220642089844,370.6452331542969,-0.0033607454289807936,-0.007223424005482593,0.004586424644516868,0.01723186851132748,85.33973007202148,356.82275543212893
2022-11-01,85.31047058105469,369.0234069824219,0.0018586031626000032,-0.0043756833403003625,0.004554832918815604,0.01594830586850158,85.24580154418945,357.1370590209961
2022-11-02,85.16658782958984,359.7623291015625,-0.0016865778665250408,-0.025096180094886233,0.004451671911011503,0.01697632556341954,85.16755981445313,357.030534362793
2022-11-03,84.851806640625,356.0578918457031,-0.003696064348552852,-0.010296901471342212,0.0044435311555059065,0.01697573349500755,85.09062919616699,356.92544708251955
2022-11-04,84.84284210205078,361.18267822265625,-0.00010564935419921095,0.014393126776063525,0.004322471670993541,0.01594125379013419,85.03612899780273,357.576123046875
2022-11-07,84.57300567626953,364.63763427734375,-0.003180426528577196,0.00956567483160864,0.004270513558730228,0.01586031915711049,84.98742904663087,358.5324645996094
2022-11-08,84.93279266357422,366.6049499511719,0.004254158693163701,0.005395262279295654,0.004398804614920967,0.015720413122673495,84.95402679443359,359.6965789794922
2022-11-09,85.03168487548828,359.05218505859375,0.0011643584157863263,-0.020601917387051305,0.00440416125436918,0.016562256325537407,84.92197914123535,360.53967742919923
2022-11-10,86.85731506347656,378.78350830078125,0.021469998985220062,0.05495391495519675,0.006518638921279305,0.019667656692969465,84.994673538208,361.9178009033203
2022-11-11,86.79438781738281,382.44964599609375,-0.0007244898837566183,0.009678715189472609,0.006360739924611413,0.018657032137382422,85.08755111694336,363.8794281005859
2022-11-14,86.5515365600586,379.1961975097656,-0.0027980064544631533,-0.008506867558615405,0.006414198615187731,0.018280728609703173,85.15931243896485,365.2374008178711
2022-11-15,87.1900634765625,382.430419921875,0.007377418609556763,0.008529153069964712,0.006577149636104784,0.018221842693244165,85.25582313537598,366.5502685546875
2022-11-16,87.72965240478516,379.5129089355469,0.0061886516273463865,-0.0076288674601883155,0.006244871319585372,0.018239159389904735,85.41610183715821,367.84346466064454
2022-11-17,87.3609619140625,378.35162353515625,-0.004202575533087893,-0.0030599364950398833,0.006134019818443783,0.018091862089730265,85.58351707458496,369.2268661499023
2022-11-18,87.23504638671875,380.0695495605469,-0.0014413248730893446,0.0045405541261831495,0.006181040264892371,0.017450583313303646,85.73835601806641,370.2700592041016
2022-11-21,87.18110656738281,378.68756103515625,-0.0006183273990228999,-0.0036361464026479773,0.006162386668692445,0.01736768071718051,85.89632987976074,371.0243804931641
2022-11-22,87.63075256347656,383.7834777832031,0.00515760826855538,0.013456784094299179,0.005929069078176313,0.017271508989293145,86.03551177978515,371.7431884765625
2022-11-23,88.15235137939453,386.2020263671875,0.005952234810948864,0.006301856968815578,0.005976175625433893,0.01714403216622192,86.18192977905274,372.72208404541016
2022-11-25,88.17036437988281,386.1156005859375,0.0002043394215403005,-0.00022378386271804107,0.005931474983795832,0.017055035601739443,86.30771408081054,373.79454345703124
2022-11-28,88.0264663696289,379.954345703125,-0.0016320450898208438,-0.015957021351798995,0.005903550657869506,0.016818789310096477,86.43707008361817,374.1251586914062
2022-11-29,87.71170043945312,379.3017883300781,-0.0035758101302630907,-0.0017174625857727666,0.0059130759757639265,0.01672170229782835,86.5650447845459,374.5579864501953
2022-11-30,88.39521026611328,391.2500305175781,0.007792686987433184,0.03150062181384272,0.006078667010281615,0.017960812632982055,86.71928176879882,375.6693176269531
2022-12-01,89.1307373046875,390.96209716796875,0.008320892459669604,-0.0007359318265828252,0.006187899550852433,0.016733579686267566,86.91748924255371,377.22930603027345
2022-12-02,89.50029754638672,390.5111083984375,0.004146271565508286,-0.0011535357846658156,0.006034833867063652,0.016436124393402373,87.1499137878418,378.9519668579102
2022-12-05,88.79721069335938,383.486083984375,-0.00785569291166821,-0.017989307507470187,0.0064576320555089885,0.017021252423075915,87.34763221740722,380.06713714599607
2022-12-06,89.05860900878906,377.95819091796875,0.002943767190304758,-0.014414846580538487,0.006327980245258696,0.017385196533638587,87.5719123840332,380.73316497802733
2022-12-07,89.85185241699219,377.3152160644531,0.008906981784600365,-0.0017011798367274622,0.006475561090968087,0.017383308227371854,87.8178653717041,381.26867828369143
2022-12-08,89.5814437866211,380.2711181640625,-0.0030094942185071583,0.007834038951411992,0.00659845702544517,0.016619511539896915,88.04535331726075,382.32962493896486
2022-12-09,89.04959869384766,377.4303894042969,-0.005937000681081495,-0.007470272192851679,0.005171542985881359,0.011387840096772654,88.1549674987793,382.2619689941406
2022-12-12,89.0676498413086,382.8718566894531,0.00020270891419738035,0.01441714138001604,0.005156954030849801,0.011648682105154098,88.26863059997558,382.28307952880857
2022-12-13,89.66255187988281,385.7701110839844,0.0066792156258097535,0.0075697765293885055,0.005195260493265048,0.011576568059435926,88.4241813659668,382.61177520751954
2022-12-14,89.86087799072266,383.3037414550781,0.002211916866982966,-0.006393366302993142,0.0050280554917667445,0.011541380116087203,88.5577220916748,382.6554412841797
2022-12-15,89.99274444580078,373.927490234375,0.001467451220449334,-0.024461674141529333,0.004906783658976511,0.012696517723448908,88.67087669372559,382.3761703491211
2022-12-16,89.75785827636719,369.5128479003906,-0.0026100567426861065,-0.011806145440703797,0.0048252786626868955,0.012931804518687825,88.79072151184081,381.9342315673828
2022-12-19,89.20674896240234,366.37945556640625,-0.00613995615033458,-0.008479792656165053,0.00507693956189511,0.01296050043754398,88.889306640625,381.2497268676758
2022-12-20,88.6014633178711,366.8807678222656,-0.006785200128595181,0.0013682870265865343,0.005367680881351945,0.012970535350612353,88.96032447814942,380.6593872070313
2022-12-21,88.84538269042969,372.3665771484375,0.002752994853860269,0.014952567175255949,0.005291852195757636,0.013065299591041428,89.02105598449707,380.08854217529296
2022-12-22,88.8182601928711,367.0542907714844,-0.000305277514005442,-0.014266281409127335,0.005148120447248609,0.013233246245062901,89.05435142517089,379.1311553955078
2022-12-23,88.5111083984375,369.165771484375,-0.0034582054834964016,0.005752502466195519,0.005219676531699761,0.01335324349164853,89.07138862609864,378.2836639404297
2022-12-27,87.86966705322266,367.7099609375,-0.007247015169297821,-0.003943514429903261,0.005468791394796946,0.01296436862904634,89.06354866027831,377.67144470214845
2022-12-28,87.71607971191406,363.1401062011719,-0.001747899434005662,-0.012427878550466787,0.005422281272475549,0.01319058389598264,89.06376762390137,376.8633605957031
2022-12-29,88.04129791259766,369.6767883300781,0.0037076235252613277,0.018000441199642836,0.005185719760552601,0.01163469382490834,89.04607200622559,375.7846984863281
2022-12-30,87.62572479248047,368.7029724121094,-0.00472020665267503,-0.002634236037290072,0.0048697967211641545,0.011624987639706545,88.97082138061523,374.67174224853517
2023-01-03,88.14066314697266,367.1507873535156,0.005876565993738536,-0.004209852305879558,0.004977225153387448,0.011621429827225681,88.90283966064453,373.50372619628905
2023-01-04,88.6285400390625,369.9852294921875,0.005535207867409797,0.007720103663955147,0.004871070413897232,0.011295243768687511,88.89440612792968,372.8286834716797
2023-01-05,88.55626678466797,365.762451171875,-0.0008154625402007065,-0.011413370004279222,0.004820361609476111,0.011136658849946782,88.86928901672363,372.218896484375
2023-01-06,89.52296447753906,374.1501770019531,0.010916197441133146,0.022932167594580832,0.0050377577509214564,0.012411691965695899,88.85284461975098,372.06064453125
2023-01-09,89.74880981445312,373.93804931640625,0.0025227642787759574,-0.0005669586668289872,0.005025583716664311,0.012261462381227235,88.86121292114258,371.7439910888672
2023-01-10,89.40554809570312,376.5604248046875,-0.0038246938255744878,0.007012860801609344,0.004912849032877107,0.012272475695633688,88.87901039123535,371.7004928588867
2023-01-11,89.95663452148438,381.3231201171875,0.006163895166677369,0.012647891277927759,0.00508996185956478,0.012168689346192836,88.92345962524413,371.62305603027346
2023-01-12,90.60713958740234,382.7114562988281,0.00723131839444946,0.003640839247339489,0.0051265526199249,0.012069111491426933,88.97068901062012,371.4701232910156
2023-01-13,90.2728042602539,384.1961364746094,-0.0036899446188335405,0.0038793721780359114,0.005194453851270426,0.012015906729011216,88.99128532409668,371.5147430419922
2023-01-17,90.11019897460938,383.49237060546875,-0.0018012654749900436,-0.001831787991410816,0.005205262555896061,0.01054880292674414,88.99715805053711,371.99298706054685
2023-01-18,91.00465393066406,377.437744140625,0.009926234391145039,-0.015788127558534093,0.0056040531116547535,0.010842989884582942,89.05949783325195,372.3892318725586
2023-01-19,90.79683685302734,374.69012451171875,-0.002283587362411743,-0.007279663127391256,0.005419450164548466,0.010790275938915987,89.13900222778321,372.80476531982424
2023-01-20,90.42644500732422,381.6701965332031,-0.004079347459016391,0.018628919111707276,0.005248640500155026,0.011474911316655099,89.23025131225586,373.5442367553711
2023-01-23,90.2005615234375,386.24969482421875,-0.002497980362585528,0.011998574509124005,0.005289249590956675,0.011317900324038182,89.29801025390626,374.23839263916017
2023-01-24,90.59806823730469,385.835205078125,0.004406920612837872,-0.001073113459111985,0.005343483926083047,0.010693789413669079,89.38700065612792,375.1774383544922
2023-01-25,90.70648956298828,385.9797668457031,0.001196728890505705,0.0003746723100315208,0.005239158701476861,0.010676683340031237,89.49676971435547,376.0181381225586
2023-01-26,90.55290985107422,390.2218322753906,-0.001693150210684946,0.010990382901037599,0.004902050411141818,0.010740299871245263,89.63093185424805,377.14373168945315
2023-01-27,90.41741180419922,391.1184387207031,-0.0014963411678083904,0.0022976839611570377,0.004893548990042291,0.01011115364183357,89.7659984588623,378.5426483154297
2023-01-30,90.1734619140625,386.2111511230469,-0.002698041066083623,-0.012546807084082623,0.004952726030082104,0.010154919839899895,89.87260665893555,379.36936645507814
2023-01-31,90.54385375976562,391.8896789550781,0.00410754825023929,0.01470316901912061,0.004787119405524127,0.010452660500386254,90.01851310729981,380.52870178222656
2023-02-01,91.1823501586914,396.0546569824219,0.007051791727573864,0.010627934980194098,0.004848546980489044,0.010432637173689904,90.17059745788575,381.97389526367186
2023-02-02,91.2820053100586,401.8200378417969,0.0010929215050252683,0.014557033373378214,0.004765071397627829,0.010675389976592398,90.30327072143555,383.56563568115234
2023-02-03,90.40350341796875,397.5490417480469,-0.009624042428798774,-0.010629126702316305,0.005359121599138009,0.010616338782509739,90.39563255310058,385.15496520996095
2023-02-06,89.9053726196289,395.1194763183594,-0.005510082900623936,-0.0061113602965927605,0.005014541033421962,0.009884471398466084,90.41475296020508,386.20343017578125
2023-02-07,89.75139617919922,400.287109375,-0.00171265004463228,0.013078659409026194,0.005001817255678193,0.010109909391205776,90.41488227844238,387.52088317871096
2023-02-08,89.87820434570312,395.9100341796875,0.0014128823829182569,-0.010934839251123485,0.004926845066191623,0.01056418526953665,90.43851509094239,388.4883636474609
2023-02-09,89.52500915527344,392.4778137207031,-0.003929709021234684,-0.00866919290412993,0.004807409506411544,0.010568351766106454,90.41693382263183,389.04609832763674
2023-02-10,89.13556671142578,393.39373779296875,-0.004350096665974079,0.002333696428806098,0.00455216443843611,0.010558424436100408,90.34335517883301,389.58021240234376
2023-02-13,89.40726470947266,398.01177978515625,0.003048143497269562,0.01173898196269163,0.004576964753929541,0.010797924844824813,90.30007820129394,390.27099456787107
2023-02-14,89.09029388427734,397.82861328125,-0.0035452468680851057,-0.00046020372564126166,0.004620039565915903,0.010777826017436523,90.24908294677735,390.98780670166013
2023-02-15,88.918212890625,399.1205139160156,-0.0019315346953043822,0.0032473798807737264,0.003909955961138562,0.00994248445572132,90.14476089477539,392.0719451904297
2023-02-16,88.54689025878906,393.6250915527344,-0.004176001965904175,-0.013768829643363345,0.003961348542246546,0.010386211383355312,90.03226356506347,393.0186935424805
2023-02-17,88.75518798828125,392.6416931152344,0.0023524002806130095,-0.0024983123754148684,0.0039802823785589055,0.009714145741614189,89.94870071411133,393.56726837158203
2023-02-21,87.92196655273438,384.7650146484375,-0.00938786176259232,-0.020060728661551508,0.004399674747960432,0.010497616137053552,89.83477096557617,393.49303436279297
2023-02-22,88.15743255615234,384.2347717285156,0.0026781248492291354,-0.0013780954601767537,0.004298096063245484,0.010499264100894993,89.71273918151856,393.4130126953125
2023-02-23,88.47441864013672,386.27862548828125,0.003595681893100444,0.005319283703999922,0.0044052155595762634,0.010570378332974674,89.60113563537598,393.4279556274414
2023-02-24,87.96725463867188,382.15228271484375,-0.005732323639533576,-0.010682296407732994,0.004518422320394974,0.010504994787904983,89.47185287475585,393.02447814941405
2023-02-27,88.13932800292969,383.453857421875,0.0019561070191926877,0.003405905880725646,0.004581572549948501,0.010526160632413859,89.35794868469239,392.64124908447263
2023-02-28,88.1302719116211,382.03662109375,-0.00010274745126592766,-0.003695976192947148,0.004575600603628138,0.010193129058621629,89.25578918457032,392.4325225830078
2023-03-01,87.62548065185547,380.5710754394531,-0.005727785116467543,-0.0038361391902721476,0.004510527947074116,0.009561804736437711,89.1098705291748,391.86659240722656
2023-03-02,87.44395446777344,383.53094482421875,-0.0020716141324604864,0.007777441786262385,0.00402142265025851,0.009392503713376169,88.9229507446289,391.2404067993164
2023-03-03,88.13389587402344,389.6819152832031,0.007890098411597712,0.0160377423047402,0.0045557066052008,0.009531072225757036,88.76554527282715,390.63350067138674
2023-03-06,87.91603088378906,389.951904296875,-0.0024719773031001147,0.0006928446075709083,0.004168829657669551,0.0092928988157803,88.64117164611817,390.25364379882814
2023-03-07,87.79801177978516,383.9743957519531,-0.001342407099336751,-0.015328835374454619,0.004054415731366,0.009779566763046723,88.53580360412597,389.69638977050784
2023-03-08,87.70721435546875,384.60113525390625,-0.0010341626476023658,0.0016322429539235017,0.004052539773568693,0.009206791101024372,88.43359451293945,388.91209106445314
2023-03-09,88.02497863769531,377.5052490234375,0.0036230119102711456,-0.018449987740634666,0.004154761451291103,0.009730952488565333,88.34093322753907,387.9918518066406
2023-03-10,89.05084991455078,372.05810546875,0.011654320088822612,-0.014429318714848649,0.004965209097699477,0.010009631338217499,88.31722526550293,386.97086639404296
2023-03-13,89.75894927978516,371.5277404785156,0.007951629500603685,-0.001425489681419978,0.0051880194561492125,0.009946810224390014,88.3483943939209,385.8775665283203
2023-03-14,89.23240661621094,377.6692199707031,-0.005866185687322889,0.01653033898431766,0.0053261244376091406,0.010364543810716612,88.33965148925782,384.86043853759764
2023-03-15,90.1220932006836,375.30706787109375,0.00997044255792856,-0.006254552859225937,0.00570767615614796,0.010383474597173663,88.39124145507813,383.73436126708987
2023-03-16,89.7680435180664,381.8919372558594,-0.003928555918345067,0.017545284777390036,0.005771249137525611,0.011279508450721216,88.4337329864502,382.87293243408203
2023-03-17,90.33090209960938,377.42657470703125,0.006270144246038889,-0.011692738477053544,0.005799228030721104,0.011175967028973374,88.5229335784912,382.06300659179686
2023-03-20,89.96772766113281,381.0557556152344,-0.004020489445307307,0.009615594532579541,0.005896080854023708,0.011474084308180102,88.58356056213378,381.48370971679685
2023-03-21,89.69541931152344,386.0592346191406,-0.003026733659818981,0.013130569293797523,0.0054804601570030585,0.011029906192833023,88.67223320007324,381.54842071533204
2023-03-22,90.55787658691406,379.478271484375,0.009615399337118857,-0.017046511376053286,0.005801508858627486,0.011686698829010179,88.79225540161133,381.310595703125
2023-03-23,90.77574157714844,380.5041809082031,0.0024058093944514525,0.002703473428966374,0.00578344948105945,0.011631974299936626,88.90732154846191,381.0218734741211
2023-03-24,90.93006134033203,383.0010070800781,0.0017000110437261906,0.006561888928304116,0.005541484785889041,0.01149045021194311,89.05546188354492,381.06430969238284
2023-03-27,89.9495849609375,383.71722412109375,-0.010782752864586964,0.0018700134667424262,0.006200105009532278,0.011472830187057024,89.1459747314453,381.0774780273438
2023-03-28,89.81340789794922,382.8558654785156,-0.0015139265294822346,-0.002244774506932945,0.00622172973134049,0.01145215002683824,89.23013153076172,381.11844024658205
2023-03-29,89.92234802246094,388.420654296875,0.001212960593094392,0.014534944662279559,0.006019056943356546,0.011844009723883464,89.344974899292,381.51091918945315
2023-03-30,90.02222442626953,390.6949462890625,0.001110696128437949,0.00585522929079163,0.005966744643616366,0.011794565858398495,89.4738883972168,381.86911926269534
2023-03-31,90.45800018310547,396.2016296386719,0.004840757486423319,0.014094585563272588,0.005831509214915665,0.011671463375787719,89.5900936126709,382.1951049804687
2023-04-03,90.85118103027344,397.71136474609375,0.004346556925557632,0.0038105222050670573,0.005797466118965584,0.011689430937488686,89.73685111999512,382.5830780029297
2023-04-04,91.18795013427734,395.5048828125,0.0037068214214153183,-0.00554794790690083,0.005769743004274526,0.011160749577877157,89.90634803771972,383.159602355957
2023-04-05,91.49737548828125,394.46929931640625,0.003393270202348697,-0.002618383592964846,0.005735598951409594,0.011199299146746469,90.09585609436036,383.653010559082
2023-04-06,91.41545104980469,396.008056640625,-0.0008953747365907372,0.0039008291060553812,0.0057627496102724005,0.010191774296569976,90.26537971496582,384.5781509399414
2023-04-10,90.78746795654297,396.4145202636719,-0.006869550891561937,0.0010264024083119772,0.005600029026198913,0.009400192557172449,90.35221061706542,385.7959716796875
2023-04-11,90.84208679199219,396.5210266113281,0.0006016120581242568,0.00026867418374432184,0.005354289875957353,0.00936371388127134,90.40636749267578,387.04563598632814
2023-04-12,90.95130157470703,394.9048156738281,0.0012022487216185596,-0.0040759778902828,0.005132771372264319,0.008956401118725633,90.49231224060058,387.90741577148435
2023-04-13,90.91488647460938,400.15020751953125,-0.00040038019761312604,0.013282673792551547,0.004679129876037734,0.009042526975415556,90.53195190429688,389.1495727539062
2023-04-14,90.46891021728516,399.1727294921875,-0.004905426103664179,-0.002442777759389392,0.004732023711568188,0.008465421125690086,90.5669952392578,390.0136123657227
2023-04-17,90.01383209228516,400.6050720214844,-0.005030215616690925,0.0035882775136444334,0.004668388818139908,0.007804655328411429,90.5511417388916,391.1725372314453
2023-04-18,90.14126586914062,400.8663330078125,0.0014157132730980848,0.0006521659473999186,0.00458971506244923,0.007661623194328079,90.559818649292,392.1630661010742
2023-04-19,90.00475311279297,400.7986145019531,-0.0015144313210093685,-0.00016893038971688146,0.004547645392368707,0.007263149134473145,90.57528533935547,392.90003509521483
2023-04-20,90.414306640625,398.6114501953125,0.004550354438712656,-0.005457015637038709,0.004115127132318581,0.006029523259585491,90.56810684204102,393.85669403076173
2023-04-21,90.25959014892578,398.92108154296875,-0.0017111948036517832,0.0007767748455407286,0.004087575288281826,0.006041140144557281,90.54229927062988,394.7775390625
2023-04-24,90.61453247070312,399.3372497558594,0.003932461040335955,0.0010432344444695207,0.004173976164518834,0.005965802330963476,90.52652282714844,395.59435119628904
2023-04-25,91.17882537841797,392.998291015625,0.006227399649137766,-0.015873697592973857,0.0035886881318080077,0.007195567451333925,90.58798484802246,396.05840454101565
2023-04-26,90.84208679199219,391.3336486816406,-0.003693166533218828,-0.004235749549145518,0.00369060438819569,0.007259516175929165,90.63941879272461,396.4822937011719
2023-04-27,90.51441955566406,399.1243896484375,-0.0036069981205782975,0.019908180635738848,0.003802501562227381,0.007856927556678647,90.66902236938476,397.01748046875
2023-04-28,90.97860717773438,402.53094482421875,0.005128327887965467,0.008535071431695407,0.003948937903531296,0.007959281449236083,90.716841506958,397.6092803955078
2023-05-01,90.04701232910156,402.12445068359375,-0.01023971324173889,-0.0010098456922423837,0.004486824554804723,0.007400664457872411,90.69629211425782,397.9054214477539
2023-05-02,90.92293548583984,397.6049499511719,0.009727398323188918,-0.011239059760576375,0.004915760365670083,0.00782781354783989,90.69987983703614,397.9001007080078
2023-05-03,91.32440185546875,394.8757629394531,0.0044154576343549135,-0.0068640669892412465,0.004945959069582634,0.007882388417799013,90.7067024230957,397.86864471435547
2023-05-04,91.21492767333984,392.078857421875,-0.0011987396567038067,-0.007083001237548681,0.004890643490368341,0.008020950626010867,90.69258003234863,397.7491226196289
2023-05-05,90.92293548583984,399.3372497558594,-0.0032011447572012353,0.018512582855684023,0.0049362720936638365,0.009023918186689253,90.66795425415039,397.91558227539065
2023-05-08,90.42111206054688,399.4436950683594,-0.00551921715474224,0.00026655492961169536,0.0048495623292007396,0.009022995093522076,90.64963645935059,398.067041015625
2023-05-09,90.33899688720703,397.69195556640625,-0.0009081415995509934,-0.004385447870577486,0.00484832572007026,0.009086871214522294,90.62448196411133,398.1255874633789
2023-05-10,90.92293548583984,399.5501708984375,0.006463859670280403,0.004672499169324995,0.005069905859452706,0.009081450343169173,90.62306365966796,398.35785522460935
2023-05-11,91.1966781616211,398.8533935546875,0.003010710931389715,-0.0017439045068687875,0.005113040027661322,0.008587183667999347,90.63715324401855,398.2930145263672
2023-05-12,90.68570709228516,398.33074951171875,-0.005602957033483014,-0.0013103662935165517,0.005151694601363086,0.008574837971414012,90.64799308776855,398.25091552734375
2023-05-15,90.45760345458984,399.70501708984375,-0.0025153207160107938,0.00345006650832147,0.005048717089749669,0.008571789040157244,90.6701816558838,398.2059127807617
2023-05-16,90.24774169921875,397.033935546875,-0.0023200012752542243,-0.006682632013018663,0.00507268017481911,0.008694941882189465,90.67550544738769,398.01429290771483
2023-05-17,90.11089324951172,401.8534851074219,-0.0015163642561065727,0.012138885694766621,0.005072711994172914,0.00913964262031369,90.68081245422363,398.0670364379883
2023-05-18,89.691162109375,405.7246398925781,-0.004657940066962962,0.009633249252825049,0.005062645076360749,0.009272493240193956,90.64465522766113,398.4226959228516
2023-05-19,89.4904556274414,405.13427734375,-0.0022377509356924508,-0.001455081823436788,0.005071243322239465,0.0092877942778742,90.60619850158692,398.7333557128906
2023-05-22,89.40831756591797,405.2987976074219,-0.0009178415837481912,0.00040608823511689707,0.004967277584124699,0.009288058867878807,90.54588775634765,399.03143310546875
2023-05-23,89.5086669921875,400.75018310546875,0.0011223723810209751,-0.011222867002825376,0.00471983454075852,0.008899188667891734,90.46237983703614,399.4190277099609
2023-05-24,89.28060913085938,397.8468933105469,-0.0025478857968919133,-0.007244637475705917,0.004691193805793922,0.009017268605567598,90.38430595397949,399.74468994140625
2023-05-25,88.95211791992188,401.29217529296875,-0.0036793119372205974,0.008659818740202052,0.0046934529520843635,0.008067745304452754,90.30619087219239,399.8530792236328
2023-05-26,89.02509307861328,406.4891662597656,0.0008203869722034351,0.01295064117062017,0.004499004103983268,0.008360037326445566,90.20851516723633,400.05099029541014
2023-05-30,89.6181869506836,406.6440124511719,0.0066620977475033705,0.00038093559253016274,0.004268430603716972,0.008352401401663304,90.18707389831543,400.27696838378904
2023-05-31,89.93753814697266,404.3890686035156,0.003563464148909956,-0.005545252797560907,0.0036957384839042093,0.00801826977280799,90.13780403137207,400.6161743164063
2023-06-01,90.21012878417969,408.2312316894531,0.0030308883567791156,0.009501154665742417,0.0036100368493188965,0.00802178274117442,90.08209037780762,401.28394775390626
2023-06-02,89.73443603515625,414.1347351074219,-0.0052731633956702995,0.014461175333247533,0.0037571281949979546,0.008224951949919781,90.00806579589843,402.3867416381836
2023-06-05,89.72528839111328,413.34112548828125,-0.00010194128861951146,-0.0019163077903493475,0.0037170656424941155,0.007393814032037901,89.94818344116212,403.08693542480466
2023-06-06,89.83506774902344,414.24114990234375,0.0012235052110574074,0.0021774373720961915,0.0035550271427625436,0.007385968091154555,89.91888122558593,403.8268081665039
2023-06-07,89.359375,412.8088073730469,-0.005295178830970637,-0.0034577504664482506,0.0037245877161071095,0.007347585559643535,89.86990013122559,404.58265075683596
2023-06-08,89.83506774902344,415.3056945800781,0.005323367011278224,0.00604853182014331,0.0036189713054368476,0.0073813504531049816,89.81550674438476,405.370426940918
2023-06-09,89.62464141845703,416.0509338378906,-0.0023423629083720865,0.001794435442466158,0.0035352117748115755,0.007330091332448409,89.73690490722656,406.2303039550781
2023-06-12,89.78018188476562,419.8252868652344,0.001735465423871263,0.009071853276537478,0.0033954331059644653,0.00743980862498415,89.69162864685059,407.3050308227539
2023-06-13,89.359375,422.5931091308594,-0.004687079887025991,0.0065927955085598455,0.0034966243691607717,0.007490446292232504,89.6367172241211,408.4494354248047
2023-06-14,89.44170379638672,423.0963439941406,0.0009213224285276045,0.0011908260035669027,0.003488046111632275,0.007164856535452438,89.59641532897949,409.75255584716797
2023-06-15,90.06375885009766,428.3417663574219,0.0069548658769631455,0.01239770193654488,0.003846707036694704,0.007182048578513388,89.59405860900878,411.076969909668
2023-06-16,89.78018188476562,426.8827819824219,-0.0031486245849899896,-0.00340612214262237,0.003764845978744035,0.007161157473237014,89.59850959777832,412.13487701416017
2023-06-20,89.94483184814453,424.6679992675781,0.001833923254802805,-0.005188269024481218,0.0037442963347813336,0.007318500390853563,89.62122840881348,413.11156311035154
2023-06-21,90.09123229980469,422.49212646484375,0.0016276694130390457,-0.005123703237557509,0.0037454183524015757,0.007499325146754895,89.6553741455078,413.97122955322266
2023-06-22,89.62464141845703,424.0172119140625,-0.005179093119682676,0.0036097369718572914,0.003940295156327023,0.006813903520252191,89.66117286682129,415.1345809936523
2023-06-23,89.88996887207031,420.8116149902344,0.0029604297368897026,-0.007560063209127055,0.003940033833269798,0.0068388120647321585,89.69164085388184,416.2828170776367
2023-06-26,89.99972534179688,419.0923156738281,0.0012210090970525833,-0.004085674575418197,0.003827190143209302,0.006860970805465988,89.74402122497558,417.1728240966797
2023-06-27,89.825927734375,423.68695068359375,-0.001931090420129955,0.010963300537682796,0.0038678064623291087,0.006709718452506314,89.78406295776367,418.03271331787107
2023-06-28,90.09123229980469,423.900634765625,0.00295354105569845,0.0005043442609844462,0.0036365497655812904,0.006708115417893542,89.80771522521972,418.8955444335937
2023-06-29,89.39595031738281,425.5714111328125,-0.00771753215793658,0.003941433982780573,0.003959305247004461,0.006470133659867205,89.78063583374023,419.9546615600586
2023-06-30,89.60635375976562,430.5934143066406,0.0023536126819594383,0.011800612170963953,0.0039321697189666415,0.006618403435512521,89.75044708251953,421.072770690918
2023-07-03,89.50088500976562,431.0888366699219,-0.00117702311917256,0.0011505572236374384,0.0037641488108980884,0.006014169202942632,89.73876953125,421.920475769043
2023-07-05,89.09730529785156,430.44769287109375,-0.00450922593525227,-0.0014872660674325466,0.0038897293432015455,0.006000118644854511,89.70737037658691,422.7758041381836
2023-07-06,88.51947784423828,427.07708740234375,-0.0064853527464339145,-0.007830464710515739,0.004102366876681984,0.006393093127083383,89.64159088134765,423.41760101318357
2023-07-07,88.53782653808594,425.9988098144531,0.00020728425307647846,-0.002524784446876205,0.003962161149233087,0.006357965435166105,89.60051345825195,424.0771011352539
2023-07-10,88.78545379638672,427.07708740234375,0.0027968526897852453,0.0025311751184475817,0.0038054349757247205,0.0062763570857478235,89.54803276062012,424.66567077636716
2023-07-11,88.97807312011719,429.7969055175781,0.0021694919099271015,0.006368447747401751,0.00382915725469313,0.006373413923376608,89.51570434570313,425.35296936035155
2023-07-12,89.7026596069336,433.25506591796875,0.008143427491829724,0.008046033733598357,0.004257416438558583,0.006314360616415966,89.51182823181152,426.02445831298826
2023-07-13,90.26216888427734,436.6936950683594,0.006237376681978546,0.00793673154889718,0.004329280899928966,0.006377189620612539,89.5569679260254,426.72948760986327
2023-07-14,89.83108520507812,436.4217224121094,-0.00477590650133719,-0.0006227995945932152,0.004485521816015983,0.006397101548921314,89.57643699645996,427.39575653076173
2023-07-17,89.93195343017578,437.9371032714844,0.0011228654854540387,0.003472285593392188,0.0042059697687412394,0.005893575199609821,89.56984672546386,427.87552337646486
2023-07-18,90.0053482055664,441.1911926269531,0.0008161145465122033,0.0074304947700480906,0.004145978872486009,0.005952937314585969,89.5811050415039,428.59094390869143
2023-07-19,90.2804946899414,442.1723327636719,0.0030570014989173,0.00222384343367521,0.004181252015945453,0.005730279756374732,89.59788818359375,429.4661605834961
2023-07-20,89.81273651123047,439.2387390136719,-0.005181165436868751,-0.006634503184910767,0.004332868757532948,0.005838582322582366,89.58396339416504,430.3034912109375
2023-07-21,89.8769302368164,439.2387390136719,0.0007147508034999195,0.0,0.004169890410575103,0.0058407477734968676,89.59657783508301,431.06456756591797
2023-07-24,89.71184539794922,441.2009582519531,-0.0018367876876992373,0.004467318257691755,0.004137495988690229,0.005433307850819099,89.58767166137696,432.0840347290039
2023-07-25,89.61095428466797,442.40545654296875,-0.0011246130634556817,0.0027300445941638163,0.004131587573777527,0.005215644045108185,89.5682331085205,433.24969177246095
2023-07-26,89.90444946289062,442.47344970703125,0.0032752154082669183,0.00015368970490059475,0.004181048031847014,0.004865126640479895,89.5721591949463,434.1890167236328
2023-07-27,89.13399505615234,439.53985595703125,-0.008569702738197571,-0.006629988199161718,0.004538824142583996,0.005241653146517783,89.52429733276367,434.9709777832031
2023-07-28,89.4825210571289,443.8431091308594,0.003910135529738179,0.009790359430451367,0.004307740543450327,0.00552157212759226,89.52862586975098,435.88456268310546
2023-07-31,89.59260559082031,444.6882019042969,0.0012302350491568692,0.0019040349079484375,0.004283477337241157,0.005029778545889758,89.5279384613037,436.5893020629883
2023-08-01,88.99940490722656,443.4156494140625,-0.006621089761614574,-0.0028616736058768577,0.004528264193130633,0.005128686453886188,89.50286445617675,437.2056427001953
2023-08-02,88.78787994384766,437.2474060058594,-0.002376700873442883,-0.013910748112643145,0.004447607570217251,0.006150335071701018,89.48739318847656,437.5456283569336
2023-08-03,88.19005584716797,435.99432373046875,-0.006733172332279658,-0.0028658426743732868,0.00446644943675698,0.005877733663781709,89.47092208862304,437.99149017333986
2023-08-04,88.91664123535156,434.0223693847656,0.008238858465434706,-0.004522889951480646,0.004847607307258279,0.0059581281400775754,89.48986282348633,438.39266815185545
2023-08-07,88.93502807617188,437.810791015625,0.00020678739732926665,0.008728632204440423,0.004809723454484148,0.006200888651876791,89.49734153747559,438.92935333251955
2023-08-08,89.14656066894531,435.9068908691406,0.0023785070668922437,-0.004348682548613647,0.004814692386114145,0.006199284077221208,89.50576591491699,439.23485260009767
2023-08-09,89.21092987060547,432.9927673339844,0.0007220604045421464,-0.006685197220318906,0.004433506468687734,0.006158580858264756,89.48117942810059,439.22173767089845
2023-08-10,88.63151550292969,433.1481628417969,-0.006494880935734915,0.00035888707511055884,0.0043641895332494195,0.00587015007947107,89.3996467590332,439.0444610595703
2023-08-11,88.35559844970703,432.8955993652344,-0.0031130806198788052,-0.0005830879551825818,0.004301900309383977,0.005870074310908356,89.32587242126465,438.86815490722654
2023-08-14,88.29122924804688,435.28521728515625,-0.0007285243129986352,0.005520079029275982,0.004277768657144631,0.005958171349125359,89.2438362121582,438.73556060791014
2023-08-15,88.05210876464844,430.214599609375,-0.0027083152588877057,-0.011648954465778405,0.00427544755179179,0.006180778464411427,89.1461742401123,438.1867309570313
2023-08-16,87.84058380126953,427.0576477050781,-0.002402270273211604,-0.007338086404234834,0.004169871150732127,0.006267885193674336,89.02417869567871,437.4309967041016
2023-08-17,87.74860382080078,423.8034973144531,-0.001047123965806529,-0.007619932363024384,0.00407183160422634,0.006312276772610707,88.92097206115723,436.65923461914065
2023-08-18,87.94175720214844,424.0074768066406,0.0022012131582413996,0.00048130676948177076,0.004121006162592926,0.006320284783991319,88.82421340942383,435.8976715087891
2023-08-21,87.50030517578125,426.7661437988281,-0.005019822669138141,0.006506175346161491,0.00421223894885857,0.006441033000859061,88.71363639831543,435.1759307861328
2023-08-22,87.59226989746094,425.6102600097656,0.0010510217249521947,-0.0027084711518432503,0.004243321809998978,0.006361040592366135,88.61270217895508,434.33617095947267
2023-08-23,88.42919158935547,430.3505859375,0.009554743733371396,0.011137715354008648,0.004784274842564499,0.00699185176702931,88.53893928527832,433.7300277709961
2023-08-24,88.22683715820312,424.3863220214844,-0.002288321622253786,-0.01385908166715455,0.0044424517369131295,0.007450204680943264,88.49358139038085,432.97235107421875
2023-08-25,88.17167663574219,427.3782043457031,-0.0006252125117216512,0.007049902810174258,0.004319430161213103,0.0072497491089318486,88.42803916931152,432.14910583496095
2023-08-28,88.36480712890625,430.0882873535156,0.0021903915240484295,0.00634118207305745,0.004347593040611377,0.00743659034367907,88.36664924621581,431.4191101074219
2023-08-29,88.93502807617188,436.3052062988281,0.006453032217156096,0.01445498314675664,0.004390097884687122,0.008250572945068294,88.36343040466309,431.06358795166017
2023-08-30,88.89823150634766,438.1022644042969,-0.00041374664876370204,0.004118809676174173,0.004356617516726754,0.0077069251379196305,88.36894798278809,431.10633087158203
2023-08-31,89.02698516845703,437.46112060546875,0.0014483264731783851,-0.0014634569389864183,0.0040579608176166465,0.007684620598281426,88.41079444885254,431.179670715332
2023-09-01,88.56590270996094,438.2770080566406,-0.005179131446758856,0.0018650513445461758,0.003809285911591795,0.007610560903882632,88.39325752258301,431.3924026489258
2023-09-05,88.08635711669922,436.3828430175781,-0.005414562247868182,-0.004321844414018838,0.003981887221923391,0.007426544909802485,88.35082397460937,431.3210052490234
2023-09-06,88.00337219238281,433.4493103027344,-0.0009420860055145974,-0.006722383250813535,0.00392561623472293,0.007515823501029457,88.29366455078124,431.1981262207031
2023-09-07,88.28004455566406,432.1185607910156,0.0031438836534174452,-0.0030701387223094345,0.004006294476561187,0.007395569521023342,88.24712028503419,431.1544158935547
2023-09-08,88.32612609863281,432.76934814453125,0.0005219927470663244,0.0015060388804506442,0.0037545498696091857,0.007403556416409875,88.23185081481934,431.1354751586914
2023-09-11,88.22469329833984,435.6154479980469,-0.001148389551011264,0.006576482058440858,0.003698666767020355,0.0075464911471970686,88.22530555725098,431.271467590332
2023-09-12,88.2523422241211,433.2259216308594,0.00031339214394043857,-0.005485403187993065,0.003696205235337084,0.00755015870673348,88.22336120605469,431.1685028076172
2023-09-13,88.38146209716797,433.7309875488281,0.0014630758775666663,0.0011658257106763603,0.003653707906891545,0.007055887633742683,88.23982887268066,431.34432220458984
2023-09-14,88.2615737915039,437.47076416015625,-0.0013564870145761354,0.008622341309904913,0.003621956468275439,0.0070335158565212556,88.26087837219238,431.86497802734374
2023-09-15,88.05870056152344,432.2000427246094,-0.0022985453495277808,-0.01204816839741385,0.003656107470691233,0.007387519792976961,88.27638320922851,432.28480529785156
2023-09-18,88.18781280517578,432.4534912109375,0.0014662065511872324,0.0005864147646315043,0.003638401567281485,0.007387163258507219,88.28868598937989,432.7071060180664
2023-09-19,87.92960357666016,431.5566101074219,-0.002927946847781082,-0.0020739365544355515,0.003509881024803956,0.007299963371523,88.31015090942383,432.9466293334961
2023-09-20,87.88349151611328,427.58917236328125,-0.0005244202028804601,-0.009193319372754027,0.0035086498733805224,0.0075920578566386135,88.32471199035645,433.0455749511719
2023-09-21,87.28409576416016,420.5218811035156,-0.006820345227672608,-0.01652822783305008,0.0030894170774488994,0.008014333422825379,88.26745719909668,432.5541397094727
2023-09-22,87.65293884277344,419.5762634277344,0.004225776476047605,-0.002248676509530978,0.00324664263115384,0.007443480145446323,88.2387622833252,432.31363677978516
2023-09-25,86.96129608154297,421.3406677246094,-0.007890696767978267,0.00420520522886747,0.003662311578509768,0.007316847094854999,88.17824325561523,432.01175994873046
2023-09-26,86.85066223144531,415.150634765625,-0.0012722194249946694,-0.014691278182124679,0.003600576183065525,0.007752253813407213,88.10253601074218,431.26487731933594
2023-09-27,86.54631042480469,415.31634521484375,-0.0035043118707553944,0.00039915740298046565,0.0032029611841995365,0.006783679708894986,87.98310012817383,430.2154342651367
2023-09-28,86.80455780029297,417.7241516113281,0.002983921258118416,0.005797523801378102,0.0033426021730680188,0.00687882356985584,87.8784164428711,429.19652862548827
2023-09-29,86.72151947021484,416.7103271484375,-0.0009566125579392182,-0.00242701902434872,0.003285633321547162,0.006875615873967672,87.76314315795898,428.1589889526367
2023-10-02,86.11771392822266,416.5446472167969,-0.006962580287809272,-0.00039759017438900646,0.003417828672341288,0.006820060368068486,87.64073371887207,427.0723709106445
2023-10-03,85.44268035888672,410.9687805175781,-0.007838498475453815,-0.013386000123815522,0.0036056774750836272,0.0072348311183768775,87.50854988098145,425.80166778564455
2023-10-04,86.04373931884766,413.9613952636719,0.007034645418850349,0.007281854213657901,0.0040822074778241735,0.007524505456543109,87.41056823730469,424.82727203369143
2023-10-05,86.09921264648438,413.805419921875,0.0006447107956473186,-0.0003767871680341317,0.003981920344248186,0.007533536220453982,87.3015266418457,423.9116149902344
2023-10-06,85.76632690429688,418.71844482421875,-0.0038663041386255426,0.011872790122640975,0.00400044293348924,0.00813029703955227,87.17353668212891,423.2090698242188
2023-10-09,86.65402221679688,421.39910888671875,0.01035016124090915,0.006402068252869375,0.004795174504141439,0.008121133903772771,87.09500312805176,422.49825286865234
2023-10-10,86.57083129882812,423.59246826171875,-0.0009600352740767315,0.005204945451343201,0.004786845769534252,0.008205131883461057,87.01092758178712,422.01658020019534
2023-10-11,86.96842956542969,425.3276672363281,0.004592750937427503,0.004096387694828563,0.004919224657831464,0.008273450524717842,86.94027595520019,421.59641418457034
2023-10-12,86.21944427490234,422.73468017578125,-0.008612151493017972,-0.006096445776489157,0.0052211660244986515,0.008028624840484366,86.83816947937012,420.85960998535154
2023-10-13,86.58932495117188,420.62908935546875,0.004289991421078998,-0.004980880251974962,0.005351560314750322,0.0076969987305741195,86.76470069885254,420.2810623168945
2023-10-16,86.10847473144531,425.0547180175781,-0.005553227490775803,0.010521451735282517,0.005422923949820302,0.00813515803388603,86.66073379516601,419.91112365722654
2023-10-17,85.4889144897461,425.03515625,-0.007195113415160326,-4.602176319645768e-05,0.005577132488033253,0.00813148707226943,86.53869934082032,419.58505096435545
2023-10-18,85.09130096435547,419.37152099609375,-0.004651053622143242,-0.013325098337453656,0.00561953011193457,0.008405698196001796,86.39908981323242,419.1741683959961
2023-10-19,84.76764678955078,415.6867980957031,-0.0038036106057453,-0.00878629739005321,0.005511425494863376,0.007806792763789893,86.27326736450195,418.93241424560546
2023-10-20,85.07278442382812,410.57879638671875,0.003599694527735231,-0.01228810184106055,0.005479191562545614,0.008232962142084545,86.14425964355469,418.4825408935547
2023-10-23,85.40570068359375,409.8671875,0.003913310960965477,-0.0017331846967774123,0.00538711195323041,0.008139979390234094,86.06647987365723,417.9088668823242
2023-10-24,85.71084594726562,412.9573669433594,0.003572891050942273,0.007539465313649574,0.005477128825418215,0.007729493813148054,86.00948905944824,417.79920349121096
2023-10-25,85.07278442382812,407.0304870605469,-0.007444349853110488,-0.014352280301190068,0.005653367520524799,0.008344965819510651,85.93581275939941,417.3849105834961
2023-10-26,85.6461181640625,402.1564025878906,0.006739332021602262,-0.01197474053566705,0.005846242821049557,0.008530138860390503,85.8778907775879,416.60652313232424
2023-10-27,85.61836242675781,400.33355712890625,-0.00032407466794370787,-0.004532677951300301,0.005846237954418294,0.008550442514107566,85.82273292541504,415.78768463134764
2023-10-30,85.41495513916016,405.1199035644531,-0.0023757437287084127,0.011955896152881618,0.005671848961954381,0.009098484586509888,85.78759498596192,415.2164474487305
2023-10-31,85.35945129394531,407.6641540527344,-0.0006498141352929698,0.006280240654422675,0.005396360198752373,0.008786623889490797,85.78343353271484,415.0512161254883
2023-11-01,86.3027114868164,412.01177978515625,0.01105044817618217,0.010664724109786361,0.005737198558400103,0.008972212453068722,85.79638214111328,414.9537353515625
2023-11-02,86.82209777832031,419.9077453613281,0.006018192042358317,0.01916441704722427,0.005884725753339406,0.009961185114869323,85.83252639770508,415.2588516235352
2023-11-03,87.35078430175781,423.73870849609375,0.006089308332394516,0.009123344775336495,0.005922716697468147,0.009817971538312556,85.91174926757813,415.5098648071289
2023-11-06,86.91485595703125,424.7135009765625,-0.0049905487192951625,0.0023004565335285054,0.005624717239707671,0.0097337949674193,85.92479095458984,415.6755844116211
2023-11-07,87.37859344482422,425.9222412109375,0.00533553766714201,0.0028460132103069746,0.005733532845614819,0.009687157260106783,85.96517906188964,415.79207305908204
2023-11-08,87.67536926269531,426.2342224121094,0.0033964361998857218,0.000732483939521078,0.005694476141550128,0.009647237668129072,86.00052604675292,415.83740081787107
2023-11-09,86.94265747070312,422.9100646972656,-0.00835709958399855,-0.0077988991499367,0.005673430396549751,0.00971254984809534,86.03668670654297,415.84617004394534
2023-11-10,87.14673614501953,429.5095520019531,0.002347279002659519,0.015604942647585496,0.0056203011248212335,0.010226790783010444,86.06455726623535,416.29019317626955
2023-11-13,87.13744354248047,429.1001281738281,-0.0001066316760687247,-0.0009532356759394123,0.005449281765497263,0.009989223570371594,86.1160057067871,416.49246368408205
2023-11-14,88.23189544677734,437.42498779296875,0.012560064420105599,0.01940073906425921,0.005742913268270596,0.010841243271864321,86.25315475463867,417.1119552612305
2023-11-15,87.68467712402344,438.3510437011719,-0.006202046549980245,0.00211706220276886,0.005841338655078138,0.010264902601230173,86.38282356262206,418.06093139648436
2023-11-16,88.16694641113281,438.88720703125,0.00550004063340781,0.0012231368848836244,0.005765161897849218,0.009936458044608992,86.55278854370117,419.22095184326173
2023-11-17,88.34319305419922,439.43310546875,0.0019990104028844158,0.0012438239911174431,0.005752643077336054,0.009297612667861404,86.71630897521973,420.6636672973633
2023-11-20,88.48230743408203,442.815673828125,0.0015747040046136807,0.007697572889431736,0.005733377888913051,0.00926037332728273,86.87013931274414,422.3110916137695
2023-11-21,88.5750503540039,441.8506164550781,0.0010481521403695737,-0.002179365885367157,0.005719757119392509,0.009314958287447144,87.01334953308105,423.7557540893555
2023-11-22,88.65852355957031,443.5565185546875,0.0009424008818825769,0.0038608118583054463,0.00530986578061444,0.008322629190133235,87.19263648986816,425.5820556640625
2023-11-24,88.25043487548828,443.8294372558594,-0.00460292668654505,0.0006152963371188758,0.005391088547132259,0.007454646940740957,87.32285232543946,427.66570739746095
2023-11-27,88.75127410888672,443.0301513671875,0.005675204140410894,-0.001800885253609441,0.005450093181126502,0.00729471112496549,87.4794979095459,429.800537109375
2023-11-28,89.14081573486328,443.4688415527344,0.004389138408296578,0.0009902039041655986,0.005386019747983502,0.007163600553369669,87.66579093933106,431.7179840087891
2023-11-29,89.57672882080078,443.1568298339844,0.0048901626302597645,-0.0007035707799842861,0.0053768538851588325,0.007244913572279559,87.87665481567383,433.49261779785155
2023-11-30,89.27993774414062,444.9017639160156,-0.0033132609391652856,0.003937509171831888,0.00511754307186444,0.007083711626275892,88.02551612854003,435.13711700439455
2023-12-01,90.06497955322266,447.53375244140625,0.008793037147178717,0.005915886918999691,0.0052756716361489365,0.006134113751797349,88.18766021728516,436.51841735839844
2023-12-04,89.72081756591797,445.1844482421875,-0.0038212631481396864,-0.0052494458493973495,0.005321605815276325,0.006245617685962592,88.30616188049316,437.5907043457031
2023-12-05,90.31610870361328,445.0967102050781,0.006634927699560311,-0.00019708243955018911,0.005226319421391445,0.006274508996004432,88.47622451782226,438.60986480712893
2023-12-06,90.54863739013672,443.3030700683594,0.0025746092237710627,-0.004029776216257219,0.005167883900024407,0.006433137182489552,88.6347267150879,439.47890625
2023-12-07,90.57655334472656,446.6856994628906,0.00030829789817343745,0.0076305119971527,0.0051636843551539115,0.006544350980385096,88.77978591918945,440.50148010253906
2023-12-08,90.12076568603516,448.60601806640625,-0.005032071125037341,0.004299037568976649,0.00486999184022543,0.006099306198594363,88.93869132995606,441.7862777709961
2023-12-11,90.13008880615234,450.3509216308594,0.00010345140818790455,0.003889612475494797,0.004882742181647587,0.005337049242172446,89.08785896301269,442.8283462524414
2023-12-12,90.39981842041016,452.4077453613281,0.0029926700154254693,0.004567157813334388,0.004871698023571196,0.005297902891954848,89.25097770690918,443.9937271118164
2023-12-13,91.53459930419922,458.6465148925781,0.012552911096698205,0.013790147483587534,0.004870870584446571,0.004444733549096204,89.41611289978027,445.0548034667969
2023-12-14,92.27337646484375,460.1184997558594,0.00807101540030053,0.0032094103312352296,0.004670464783808776,0.0044480313011321555,89.64554786682129,446.14317626953124
2023-12-15,92.05884552001953,459.3608703613281,-0.002324949547131361,-0.0016465962462566264,0.004738819081382978,0.004534641990968205,89.84014282226562,447.16685943603517
2023-12-18,91.87228393554688,461.9448547363281,-0.0020265470788690676,0.005625173021305496,0.004831178690647193,0.004586869281300622,90.016597366333,448.2924468994141
2023-12-19,91.98421478271484,464.75390625,0.0012183309521998087,0.006080923913039937,0.004833375837553328,0.00450415847107151,90.19169273376465,449.3893585205078
2023-12-20,92.32002258300781,458.3136291503906,0.0036507111691523875,-0.013857392079981823,0.004842738822239016,0.005724744497519377,90.37894134521484,450.21250915527344
2023-12-21,92.31068420410156,462.6593322753906,-0.00010115225976958797,0.009481941728540555,0.004861270276270376,0.005961921618114398,90.56154937744141,451.1676498413086
2023-12-22,92.18943786621094,463.58917236328125,-0.0013134594216910322,0.0020097726837533525,0.004677146994834199,0.0059514519228844485,90.75849952697754,452.1556365966797
2023-12-26,92.37598419189453,465.54669189453125,0.0020235108272850244,0.004222530740463526,0.004604901096794736,0.005890580799929724,90.93973503112792,453.2814636230469
2023-12-27,92.96366882324219,466.3883972167969,0.006361876806929123,0.001807993348294179,0.004678997263264099,0.005882394048508664,91.13087768554688,454.42744140625
2023-12-28,92.7584457397461,466.5645751953125,-0.00220756222397267,0.0003777494885528476,0.004726135793767903,0.00585593044390352,91.28996353149414,455.5978286743164
2023-12-29,92.58121490478516,465.2138671875,-0.0019106705976746907,-0.0028950076358605914,0.004656834348607337,0.005971539190488664,91.45502738952636,456.6134338378906
