date,predicted_return,actual_return,position,strategy_return,trade,strategy_return_net,strategy_cumulative,buyhold_cumulative
2020-01-31,0.0007407378621916861,-0.0181578667369242,1,-0.0181578667369242,0.0,-0.0181578667369242,0.9818421332630758,0.9818421332630758
2020-02-03,0.0009148205984509217,0.0074286374810872,1,0.0074286374810872,0.0,0.0074286374810872,0.9891358825347445,0.9891358825347445
2020-02-04,0.0009027205214058542,0.0152413044329007,1,0.0152413044329007,0.0,0.0152413044329007,1.0042116036459625,1.0042116036459625
2020-02-05,0.000903561568988416,0.0115481192151936,1,0.0115481192151936,0.0,0.0115481192151936,1.015808358962147,1.015808358962147
2020-02-06,0.000903503109770884,0.0033648715431284,1,0.0033648715431284,0.0,0.0033648715431284,1.0192264236024906,1.0192264236024906
2020-02-07,0.0009035071731320841,-0.0053299874679179,1,-0.0053299874679179,0.0,-0.0053299874679179,1.0137939595377186,1.0137939595377186
2020-02-10,0.0009035068906975093,0.0074655844950934,1,0.0074655844950934,0.0,0.0074655844950934,1.0213625240032629,1.0213625240032629
2020-02-11,0.000903506910328865,0.001732963663521,1,0.001732963663521,0.0,0.001732963663521,1.0231325081446427,1.0231325081446427
2020-02-12,0.0009035069089643362,0.0064426786805869,1,0.0064426786805869,0.0,0.0064426786805869,1.0297242221422815,1.0297242221422815
2020-02-13,0.0009035069090591813,-0.0010666436260884,1,-0.0010666436260884,0.0,-0.0010666436260884,1.0286258733641047,1.0286258733641047
2020-02-14,0.0009035069090525888,0.0016020186498928,1,0.0016020186498928,0.0,0.0016020186498928,1.0302737511969964,1.0302737511969964
2020-02-18,0.000903506909053047,-0.002577109441582,1,-0.002577109441582,0.0,-0.002577109441582,1.0276186229853725,1.0276186229853725
2020-02-19,0.0009035069090530151,0.0047812824826103,1,0.0047812824826103,0.0,0.0047812824826103,1.0325319579062566,1.0325319579062566
2020-02-20,0.0009035069090530173,-0.0041083508595621,1,-0.0041083508595621,0.0,-0.0041083508595621,1.0282899543494672,1.0282899543494672
2020-02-21,0.0009035069090530172,-0.0102983672637585,1,-0.0102983672637585,0.0,-0.0102983672637585,1.0177002467459428,1.0177002467459428
2020-02-24,0.0009035069090530172,-0.0331649793430809,1,-0.0331649793430809,0.0,-0.0331649793430809,0.9839482390851653,0.9839482390851653
2020-02-25,0.0009035069090530172,-0.0303026433247882,1,-0.0303026433247882,0.0,-0.0303026433247882,0.9541320065461141,0.9541320065461141
2020-02-26,0.0009035069090530172,-0.0036780714636795,1,-0.0036780714636795,0.0,-0.0036780714636795,0.9506226408402536,0.9506226408402536
2020-02-27,0.0009035069090530172,-0.044911659225521,1,-0.044911659225521,0.0,-0.044911659225521,0.9079286007427713,0.9079286007427713
2020-02-28,0.0009035069090530172,-0.0042017453867521,1,-0.0042017453867521,0.0,-0.0042017453867521,0.9041137159331001,0.9041137159331001
2020-03-02,-0.005045608596327005,0.0433065787242408,0,0.0,1.0,-0.0005,0.9036616590751336,0.9432677877478228
2020-03-03,-0.00506018657859899,-0.0286321528145344,0,-0.0,0.0,-0.0,0.9036616590751336,0.9162600003039995
2020-03-04,-0.005060438417480826,0.0420325399084677,0,0.0,0.0,0.0,0.9036616590751336,0.95477273533331
2020-03-05,-0.005060442768070724,-0.0332413265072737,0,-0.0,0.0,-0.0,0.9036616590751336,0.9230348230978526
2020-03-06,-0.00506044284322843,-0.0165310432418849,0,-0.0,0.0,-0.0,0.9036616590751336,0.9077760945234563
2020-03-09,-0.005060442844526801,-0.0780945203817268,0,-0.0,0.0,-0.0,0.9036616590751336,0.8368837558076498
2020-03-10,-0.005060442844549231,0.0517447232149241,0,0.0,0.0,0.0,0.9036616590751336,0.8801880741149829
2020-03-11,-0.005060442844549619,-0.0487482172650255,0,-0.0,0.0,-0.0,0.9036616590751336,0.8372804746439413
2020-03-12,-0.005060442844549626,-0.0956772942564928,0,-0.0,0.0,-0.0,0.9036616590751336,0.757171744296217
2020-03-13,-0.005060442844549626,0.0854864117057139,0,0.0,0.0,0.0,0.9036616590751336,0.821899639761057
2020-03-16,-0.005060442844549626,-0.1094238223728129,0,-0.0,0.0,-0.0,0.9036616590751336,0.7319642395715642
2020-03-17,-0.005060442844549626,0.0539919656419924,0,0.0,0.0,0.0,0.9036616590751336,0.7714844276456793
2020-03-18,-0.005060442844549626,-0.0506327991645733,0,-0.0,0.0,-0.0,0.9036616590751336,0.7324220115620999
2020-03-19,-0.005060442844549626,0.0021249690434388,0,0.0,0.0,0.0,0.9036616590751336,0.7339783856634026
2020-03-20,-0.005060442844549626,-0.043094108994759,0,-0.0,0.0,-0.0,0.9036616590751336,0.7023482411118267
2020-03-23,-0.005060442844549626,-0.0255682783447361,0,-0.0,0.0,-0.0,0.9036616590751336,0.6843904057881437
2020-03-24,-0.005060442844549626,0.0906031317588538,0,0.0,0.0,0.0,0.9036616590751336,0.7463983198982623
2020-03-25,-0.005060442844549626,0.01497034705489,0,0.0,0.0,0.0,0.9036616590751336,0.7575721617883262
2020-03-26,-0.005060442844549626,0.0583898236277569,0,0.0,0.0,0.0,0.9036616590751336,0.8018066667004451
2020-03-27,-0.005060442844549626,-0.0297856997248309,0,-0.0,0.0,-0.0,0.9036616590751336,0.7779242940887381
2020-03-30,0.00670540552867762,0.032475709292818,1,0.032475709292818,1.0,0.031975709292818,0.9325568815847857,0.8031879373153846
2020-03-31,-0.006973364026198251,-0.0149054025752501,0,-0.0,1.0,-0.0005,0.9320906031439933,0.7912160977661141
2020-04-01,-0.001845847738721344,-0.0450047460472499,0,-0.0,0.0,-0.0,0.9320906031439933,0.7556076182176541
2020-04-02,-0.0037679082846546765,0.023075228157962,0,0.0,0.0,0.0,0.9320906031439933,0.7730434364059208
2020-04-03,-0.0030474197410577924,-0.0144542208507419,0,-0.0,0.0,-0.0,0.9320906031439933,0.7618696958488932
2020-04-06,-0.0033174964264945086,0.067166364765824,0,0.0,0.0,0.0,0.9320906031439933,0.8130417137443073
2020-04-07,-0.0032162575981123966,0.0010195724127297,0,0.0,0.0,0.0,0.9320906031439933,0.8138706686460395
2020-04-08,-0.003254207191412572,0.0335682292612145,0,0.0,0.0,0.0,0.9320906031439933,0.8411908658401277
2020-04-09,-0.003239981704465874,0.015217226321337,0,0.0,0.0,0.0,0.9320906031439933,0.8539914576250583
2020-04-13,-0.003245314158947533,-0.0091301504158018,0,-0.0,0.0,-0.0,0.9320906031439933,0.8461943871631318
2020-04-14,-0.0032433152768772382,0.0294931147086321,0,0.0,0.0,0.0,0.9320906031439933,0.8711512952895347
2020-04-15,-0.0032440645621350287,-0.0212482085139165,0,-0.0,0.0,-0.0,0.9320906031439933,0.8526408909200542
2020-04-16,-0.003243783690939131,0.0048242004866985,0,0.0,0.0,0.0,0.9320906031439933,0.8567542015210098
2020-04-17,-0.003243888976113055,0.0270155447131086,0,0.0,0.0,0.0,0.9320906031439933,0.8798998829603443
2020-04-20,-0.003243849509738396,-0.0176180618128147,0,-0.0,0.0,-0.0,0.9320906031439933,0.8643977524332606
2020-04-21,-0.0032438643037941083,-0.0303631211500321,0,-0.0,0.0,-0.0,0.9320906031439933,0.8381519387543139
2020-04-22,-0.0032438587582103977,0.0221943801673276,0,0.0,0.0,0.0,0.9320906031439933,0.8567542015210099
2020-04-23,-0.0032438608369844196,-7.17932317079173e-05,0,-0.0,0.0,-0.0,0.9320906031439933,0.8566926923681034
2020-04-24,-0.0032438600577514914,0.0139389410909025,0,0.0,0.0,0.0,0.9320906031439933,0.8686340813400291
2020-04-27,-0.003243860349848636,0.0144183343303696,0,0.0,0.0,0.0,0.9320906031439933,0.8811583379355431
2020-04-28,0.0006058693176282642,-0.0045982671599544,1,-0.0045982671599544,1.0,-0.0050982671599544005,0.9273385562318821,0.8771065364874941
2020-04-29,0.00597792772765053,0.0261785264292289,1,0.0261785264292289,0.0,0.0261785264292289,0.9516149131350414,0.9000678931341815
2020-04-30,0.0038885822318197785,-0.0093107903099149,1,-0.0093107903099149,0.0,-0.0093107903099149,0.9427546262230532,0.8916875497165222
2020-05-01,0.004701187804537324,-0.0264733270042391,1,-0.0264733270042391,0.0,-0.0264733270042391,0.9177967747182911,0.868081613627268
2020-05-04,0.004385142507993846,0.0027582640528003,1,0.0027582640528003,0.0,0.0027582640528003,0.9203283005697727,0.870476011937033
2020-05-05,0.00450806146501406,0.0092389638530849,1,0.0092389638530849,0.0,0.0092389638530849,0.9288311804717079,0.8785183083462967
2020-05-06,0.00446025480514542,-0.006778271789263,1,-0.006778271789263,0.0,-0.006778271789263,0.9225353102841286,0.8725634724804819
2020-05-07,0.00447884816766004,0.0120665221280735,1,0.0120665221280735,0.0,0.0120665221280735,0.9336671030196013,0.8830922789293164
2020-05-08,0.004471616682955817,0.0165460818621114,1,0.0165460818621114,0.0,0.0165460818621114,0.9491156353381242,0.8977039960682794
2020-05-11,0.004474429211942239,0.0002052162632872,1,0.0002052162632872,0.0,0.0002052162632872,0.9493104093022358,0.8978882195278907
2020-05-12,0.004473335339850545,-0.0199313490426616,1,-0.0199313490426616,0.0,-0.0199313490426616,0.9303893721846009,0.8799920960231863
2020-05-13,0.004473760777653592,-0.0176858827303695,1,-0.0176858827303695,0.0,-0.0176858827303695,0.913934614854562,0.8644286590092681
2020-05-14,0.0044735953128559845,0.0119673114496086,1,0.0119673114496086,0.0,0.0119673114496086,0.9248719550351046,0.8747735459975996
2020-05-15,0.004473659666796916,0.0045968455373945,1,0.0045968455373945,0.0,0.0045968455373945,0.9291234485542691,0.8787947448687495
2020-05-18,0.004473634637728659,0.0304592461874773,1,0.0304592461874773,0.0,0.0304592461874773,0.9574238484123415,0.9055621703509681
2020-05-19,0.004473644372241398,-0.0102709171772602,1,-0.0102709171772602,0.0,-0.0102709171772602,0.9475902273617646,0.8962612163004332
2020-05-20,0.004473640586213996,0.0169883486274109,1,0.0169883486274109,0.0,0.0169883486274109,0.9636882205001138,0.9114872143041723
2020-05-21,0.004473642058707162,-0.0069041950797812,1,-0.0069041950797812,0.0,-0.0069041950797812,0.9570347290296938,0.9051941287638899
2020-05-22,0.004473641486012912,0.0018992791001049,1,0.0018992791001049,0.0,0.0018992791001049,0.9588524050886145,0.9069133450541889
2020-05-26,0.004473641708749908,0.0123202353922069,1,0.0123202353922069,0.0,0.0123202353922069,0.97066569242569,0.9180867309455902
2020-05-27,-0.0009330313491996613,0.0148792070898169,0,0.0,1.0,-0.0005,0.9701803595794772,0.9317471335417428
2020-05-28,0.003816442086237766,-0.0018448270236761,1,-0.0018448270236761,1.0,-0.0023448270236761,0.9679054544544955,0.9300282212505523
2020-05-29,0.002114409043814311,0.0044557943686036,1,0.0044557943686036,0.0,0.0044557943686036,0.9722182421277946,0.9341722357614429
2020-06-01,0.0027243538128252018,0.0040416182874358,1,0.0040416182874358,0.0,0.0040416182874358,0.976147577154557,0.9379478033531112
2020-06-02,0.00250577249743897,0.0082800612051026,1,0.0082800612051026,0.0,0.0082800612051026,0.9842301388386093,0.9457140685720665
2020-06-03,0.002584103838018304,0.0133086431711528,1,0.0133086431711528,0.0,0.0133086431711528,0.9973289065547066,0.9583002396526313
2020-06-04,0.002556032825150101,-0.002626960227507,1,-0.002626960227507,0.0,-0.002626960227507,0.9947089631834444,0.9557828230370535
2020-06-05,0.002566092422721379,0.0256295128494783,1,0.0256295128494783,0.0,0.0256295128494783,1.0202028693368457,0.9802790711813923
2020-06-08,0.0025624874404654415,0.0120875536950961,1,0.0120875536950961,0.0,0.0120875536950961,1.032534626299846,0.9921282470904764
2020-06-09,0.002563779330819259,-0.0074568205476832,1,-0.0074568205476832,0.0,-0.0074568205476832,1.024835200882259,0.9847301247916352
2020-06-10,0.002563316365798131,-0.0055798867228661,1,-0.0055798867228661,0.0,-0.0055798867228661,1.0191167365517302,0.9792354422427041
2020-06-11,0.0025634822750876885,-0.0576486702176097,1,-0.0576486702176097,0.0,-0.0576486702176097,0.9603660118930128,0.9227838211674593
2020-06-12,0.0025634228194245058,0.0119752535731283,1,0.0119752535731283,0.0,0.0119752535731283,0.9718666384084457,0.93383439141912
2020-06-15,0.002563444126102956,0.0093360120093346,1,0.0093360120093346,0.0,0.0093360120093346,0.9809399970160986,0.9425526805121386
2020-06-16,0.00256343649058899,0.0192474703634906,1,0.0192474703634906,0.0,0.0192474703634906,0.9998206105370285,0.9606944352963246
2020-06-17,0.0025634392268706523,-0.0041538663571211,1,-0.0041538663571211,0.0,-0.0041538663571211,0.9956674893397625,0.9567038390020737
2020-06-18,0.002563438246289991,0.00038512118819,1,0.00038512118819,0.0,0.00038512118819,0.9960509419862992,0.9570722859212961
2020-06-19,0.002563438597693301,-0.0057151962663132,1,-0.0057151962663132,0.0,-0.0057151962663132,0.9903583153616013,0.9516024299662068
2020-06-22,0.002563438471763542,0.0064152933693584,1,0.0064152933693584,0.0,0.0064152933693584,0.9967117544954296,0.9577072387254344
2020-06-23,0.002563438516892042,0.0046038095516218,1,0.0046038095516218,0.0,0.0046038095516218,1.0013004255909894,0.962116340458736
2020-06-24,-0.0007877336494095163,-0.0255088235972521,0,-0.0,1.0,-0.0005,1.0007997753781939,0.9375738844499403
2020-06-25,0.0009643274456383429,0.0107204605593727,1,0.0107204605593727,1.0,0.0102204605593727,1.0110284100102758,0.9476251082996837
2020-06-26,0.0003949694777390753,-0.0237512525943446,1,-0.0237512525943446,0.0,-0.0237512525943446,0.9870152188640631,0.9251178249877148
2020-06-29,0.0005799907058952364,0.0146973337689917,1,0.0146973337689917,0.0,0.0146973337689917,1.0015217109707826,0.938714590437203
2020-06-30,0.0005198653422426972,0.0128096266075452,1,0.0128096266075452,0.0,0.0128096266075452,1.0143508301276682,0.9507391738317583
2020-07-01,0.0005394039616237064,0.0070048757652956,1,0.0070048757652956,0.0,0.0070048757652956,1.021456231675137,0.9573989836296496
2020-07-02,0.0005330546004868308,0.0055068541171061,1,0.0055068541171061,0.0,0.0055068541171061,1.0270812421299809,0.9626712401643638
2020-07-06,0.0005351179185780594,0.0154375655850222,1,0.0154375655850222,0.0,0.0154375655850222,1.0429368761665085,0.9775325405712159
2020-07-07,0.0005344474130809211,-0.0103138565800166,1,-0.0103138565800166,0.0,-0.0103138565800166,1.0321801748037167,0.9674504101454651
2020-07-08,0.0005346653036832494,0.0076482868968568,1,0.0076482868968568,0.0,0.0076482868968568,1.0400745849098634,0.9748497484407393
2020-07-09,0.0005345944969340346,-0.0056926759537375,1,-0.0056926759537375,0.0,-0.0056926759537375,1.0341537773302536,0.9693002447192838
2020-07-10,0.0005346175066264251,0.0102105579316316,1,0.0102105579316316,0.0,0.0102105579316316,1.0447130643838998,0.9791973410211348
2020-07-13,0.0005346100292891687,-0.0086588652159335,1,-0.0086588652159335,0.0,-0.0086588652159335,1.0356670347700747,0.9707186032254322
2020-07-14,0.0005346124591596552,0.0129588345431406,1,0.0129588345431406,0.0,0.0129588345431406,1.0490880725154452,0.9832979849925791
2020-07-15,0.0005346116695375773,0.0091871833078498,1,0.0091871833078498,0.0,0.0091871833078498,1.0587262369437236,0.9923317238269453
2020-07-16,0.0005346119261368608,-0.0032933460338518,1,-0.0032933460338518,0.0,-0.0032933460338518,1.0552394850903501,0.9890636320800146
2020-07-17,0.0005346118427511575,0.0028990243864956,1,0.0028990243864956,0.0,0.0028990243864956,1.0582986500912201,0.9919309516692105
2020-07-20,0.0005346118698485657,0.008081565696216,1,0.008081565696216,0.0,0.008081565696216,1.066851360158149,0.9999473068212354
2020-07-21,0.0005346118610428652,0.0021275992026696,1,0.0021275992026696,0.0,0.0021275992026696,1.0691211922613886,1.00207479391394
2020-07-22,0.0005346118639044068,0.0056922264047911,1,0.0056922264047911,0.0,0.0056922264047911,1.0752068721419006,1.0077788305154327
2020-07-23,-0.0010432023615192174,-0.0119317681920401,0,-0.0,1.0,-0.0005,1.0746692687058297,0.9957542471208772
2020-07-24,0.0011705293781349817,-0.0064405100019324,1,-0.0064405100019324,1.0,-0.006940510001932401,1.0672105158976075,0.9893410819328287
2020-07-27,0.0004429427039703656,0.0072922341639265,1,0.0072922341639265,0.0,0.0072922341639265,1.0749928648817377,0.9965555887702753
2020-07-28,0.0006820784397685163,-0.0063420875515368,1,-0.0063420875515368,0.0,-0.0063420875515368,1.0681751660153804,0.9902353459763209
2020-07-29,0.00060348175546093,0.0122985998488756,1,0.0122985998488756,0.0,0.0122985998488756,1.0813122249507099,1.0024138542526966
2020-07-30,0.0006293141086369548,-0.0035680381178396,1,-0.0035680381178396,0.0,-0.0035680381178396,1.0774540617147998,0.9988372034108725
2020-07-31,0.0006208237953815078,0.0079024244253433,1,0.0079024244253433,0.0,0.0079024244253433,1.0859685610092804,1.0067304389240481
2020-08-03,0.0006236143045807441,0.0069519789339949,1,0.0069519789339949,0.0,0.0069519789339949,1.0935181915683976,1.0137292077276596
2020-08-04,0.0006226971485987753,0.0038627796099455,1,0.0038627796099455,0.0,0.0038627796099455,1.0977422113418924,1.0176450202412763
2020-08-05,0.0006229985900330094,0.0062107552253261,1,0.0062107552253261,0.0,0.0062107552253261,1.104560019517045,1.023965364368267
2020-08-06,0.0006228995153499025,0.0066844460700501,1,0.0066844460700501,0.0,0.0066844460700501,1.1119433913986403,1.0308100056239857
2020-08-07,0.000622932078201979,0.000718014465868,1,0.000718014465868,0.0,0.000718014465868,1.1127417828388908,1.0315501421195852
2020-08-10,0.0006229213757772817,0.0029890564658385,1,0.0029890564658385,0.0,0.0029890564658385,1.116067830859694,1.0346335037417245
2020-08-11,0.0006229248933406123,-0.0082548589262787,1,-0.0082548589262787,0.0,-0.0082548589262787,1.1068548483637894,1.026092750127935
2020-08-12,0.0006229237372239253,0.0139424024128118,1,0.0139424024128118,0.0,0.0139424024128118,1.1222870640722493,1.0403989481630875
2020-08-13,0.0006229241172045166,-0.0018078089046349,1,-0.0018078089046349,0.0,-0.0018078089046349,1.1202581835242629,1.0385181056802255
2020-08-14,0.0006229239923163878,2.9662692256238188e-05,1,2.9662692256238188e-05,0.0,2.9662692256238188e-05,1.1202914133980082,1.038548910923197
2020-08-17,0.0006229240333633387,0.0031766435083366,1,0.0031766435083366,0.0,0.0031766435083366,1.1238501798438243,1.0418480105791712
2020-08-18,0.0006229240198724473,0.002160400917188,1,0.002160400917188,0.0,0.002160400917188,1.1262781468031409,1.044098819976797
2020-08-19,0.0006229240243064953,-0.0041635783558756,1,-0.0041635783558756,0.0,-0.0041635783558756,1.1215887994884157,1.0397516327285465
2020-08-20,0.002566333640625201,0.0031137139564145,1,0.0031137139564145,0.0,0.0031137139564145,1.1250811061867412,1.0429891218985783
2020-08-21,0.00032127735201344576,0.0035472761920454,1,0.0035472761920454,0.0,0.0035472761920454,1.1290720796088376,1.0466888923792514
2020-08-24,0.0010702140010596542,0.0101330238933383,1,0.0101330238933383,0.0,0.0101330238933383,1.1405129939688152,1.0572950159346222
2020-08-25,0.0008203734482281689,0.0034994709054547,1,0.0034994709054547,0.0,0.0034994709054547,1.1445041860085021,1.0609949890813677
2020-08-26,0.0009037186843287605,0.0100255234386998,1,0.0100255234386998,0.0,0.0100255234386998,1.1559784395510204,1.071632019212746
2020-08-27,0.0008759152380829917,0.0021866894769504,1,0.0021866894769504,0.0,0.0021866894769504,1.1585062054403683,1.0739753456723216
2020-08-28,0.0008851902927748803,0.0064593273445454,1,0.0064593273445454,0.0,0.0064593273445454,1.1659893762519948,1.0809125039899905
2020-08-31,0.0008820961929004586,-0.0036226914751769,1,-0.0036226914751769,0.0,-0.0036226914751769,1.1617653564785,1.0769966914763738
2020-09-01,0.0008831283651464367,0.0094187323489915,1,0.0094187323489915,0.0,0.0094187323489915,1.1727077134235018,1.0871406350541393
2020-09-02,0.0008827840389809581,0.014463955598942,1,0.014463955598942,0.0,0.014463955598942,1.1896697057209962,1.102864988929368
2020-09-03,0.0008828989040228105,-0.0344142656158348,1,-0.0344142656158348,0.0,-0.0344142656158348,1.1487280964732018,1.064910700261948
2020-09-04,0.0008828605857677299,-0.0081647971294749,1,-0.0081647971294749,0.0,-0.0081647971294749,1.1393489646085702,1.0562159204333021
2020-09-08,0.0008828733684964761,-0.0273226665019061,1,-0.0273226665019061,0.0,-0.0273226665019061,1.1082189128192783,1.0273572850852992
2020-09-09,0.000882869104258612,0.0197469547535198,1,0.0197469547535198,0.0,0.0197469547535198,1.1301028615477156,1.0476444629095776
2020-09-10,0.0008828705267815274,-0.017363620914073,1,-0.017363620914073,0.0,-0.017363620914073,1.110480183865892,1.0294535616028881
2020-09-11,0.0008828700522368352,0.0005091980981406,1,0.0005091980981406,0.0,0.0005091980981406,1.1110456382635394,1.0299777573985804
2020-09-14,0.000882870210541958,0.0131713163465325,1,0.0131713163465325,0.0,0.0131713163465325,1.1256795718405437,1.0435439202711694
2020-09-15,0.0008828701577323653,0.005052358377384,1,0.005052358377384,0.0,0.005052358377384,1.1313669084555824,1.0488162781389196
2020-09-16,0.0008828701753493131,-0.0039685257982196,1,-0.0039685257982196,0.0,-0.0039685257982196,1.1268770496921245,1.0446540236815327
2020-09-17,0.0008828701694724102,-0.0087953225087388,1,-0.0087953225087388,0.0,-0.0087953225087388,1.116965802612386,1.035465954633202
2020-09-18,0.0038798134665011964,-0.011512515995586,1,-0.011512515995586,0.0,-0.011512515995586,1.1041067159432885,1.0235451362676025
2020-09-21,-0.00030429281733362727,-0.0111299060946039,0,-0.0,1.0,-0.0005,1.103554662585317,1.0121531750173556
2020-09-22,0.0010768951579767975,0.0101845313700925,1,0.0101845313700925,1.0,0.0096845313700925,1.1142420723337363,1.0224614807796586
2020-09-23,0.0006209602237920758,-0.0231909265607609,1,-0.0231909265607609,0.0,-0.0231909265607609,1.0884017662633345,0.9987496516676907
2020-09-24,0.0007714659246278406,0.0026653514758507,1,0.0026653514758507,0.0,0.0026653514758507,1.0913027395173631,1.0014116705257687
2020-09-25,0.0007217834715283215,0.0161668529072092,1,0.0161668529072092,0.0,0.0161668529072092,1.1089456703843747,1.0176013457027215
2020-09-28,0.0007381838213641023,0.0166093947231209,1,0.0166093947231209,0.0,0.0166093947231209,1.1273645867502848,1.0345030881242772
2020-09-29,0.0007327700090831906,-0.0054458140716246,1,-0.0054458140716246,0.0,-0.0054458140716246,1.1212251688199089,1.028869376649831
2020-09-30,0.000734557127267036,0.0075818355840526,1,0.0075818355840526,0.0,0.0075818355840526,1.1297261137026031,1.0366700951010568
2020-10-01,0.0007339671933651363,0.006420127137676,1,0.006420127137676,0.0,0.006420127137676,1.1369790989833264,1.0433256489114322
2020-10-02,0.0007341619325892998,-0.0094943602893821,1,-0.0094943602893821,0.0,-0.0094943602893821,1.1261842097760817,1.0334199393015138
2020-10-05,0.0007340976484969537,0.0177329391612466,1,0.0177329391612466,0.0,0.0177329391612466,1.1461547658523976,1.0517455122131667
2020-10-06,0.0007341188688984754,-0.0142159752225097,1,-0.0142159752225097,0.0,-0.0142159752225097,1.1298610580998785,1.0367939240711586
2020-10-07,0.0007341118639704394,0.0174066507427175,1,0.0174066507427175,0.0,0.0174066507427175,1.1495281549260203,1.0548410337996368
2020-10-08,0.0007341141763214445,0.0088625492163709,1,0.0088625492163709,0.0,0.0088625492163709,1.1597159047746564,1.0641896143771337
2020-10-09,0.0007341134130063692,0.0089300014416435,1,0.0089300014416435,0.0,0.0089300014416435,1.170072169476191,1.0736928291677035
2020-10-12,0.0007341136649793192,0.0160875881160669,1,0.0160875881160669,0.0,0.0160875881160669,1.188895808604797,1.090965957166528
2020-10-13,0.0007341135818021758,-0.0065257353538774,1,-0.0065257353538774,0.0,-0.0065257353538774,1.181137389194508,1.0838466020499697
2020-10-14,0.0007341136092592389,-0.0062835374273809,1,-0.0062835374273809,0.0,-0.0062835374273809,1.1737156682026255,1.0770362113604492
2020-10-15,0.0007341136001955673,-0.0012360897564118,1,-0.0012360897564118,0.0,-0.0012360897564118,1.1722648502882203,1.075704897932302
2020-10-16,0.001598080406285114,-0.0006039259425333,1,-0.0006039259425333,0.0,-0.0006039259425333,1.1715568891336112,1.0750552518379306
2020-10-19,0.0006643385542387144,-0.0152037928844112,1,-0.0152037928844112,0.0,-0.0152037928844112,1.1537447808389187,1.0587103344496882
2020-10-20,0.0009719678764786291,0.0040057121909524,1,0.0040057121909524,0.0,0.0040057121909524,1.158366350372773,1.0629512233430807
2020-10-21,0.0008706167378374893,-0.0018928125650341,1,-0.0018928125650341,0.0,-0.0018928125650341,1.1561737799898746,1.0609392559115185
2020-10-22,0.000904007746305286,0.0054852869570134,1,0.0054852869570134,0.0,0.0054852869570134,1.162515724945294,1.0667588121741536
2020-10-23,0.0008930067900116989,0.0033951867419201,1,0.0033951867419201,0.0,0.0033951867419201,1.166462682921902,1.0703806575500738
2020-10-26,0.0008966311501291877,-0.0184799807781843,1,-0.0184799807781843,0.0,-0.0184799807781843,1.144906474963036,1.0506000435732084
2020-10-27,0.0008954370733679791,-0.0034473100063523,1,-0.0034473100063523,0.0,-0.0034473100063523,1.1409596274155582,1.0469782995303243
2020-10-28,0.0008958304722757693,-0.0341789768209667,1,-0.0341789768209667,0.0,-0.0341789768209667,1.101962794756463,1.0111936524986223
2020-10-29,0.0008957008636059767,0.0101637312437004,1,0.0101637312437004,0.0,0.0101637312437004,1.1131628484429246,1.021471153017954
2020-10-30,0.0008957435643022745,-0.0104250482895561,1,-0.0104250482895561,0.0,-0.0104250482895561,1.1015580719937672,1.0108222669213534
2020-11-02,0.0008957294961888741,0.0112084420148308,1,0.0112084420148308,0.0,0.0112084420148308,1.1139048217696783,1.0221520096874412
2020-11-03,0.0008957341310504058,0.0176558948418645,1,0.0176558948418645,0.0,0.0176558948418645,1.1335718081666897,1.0401990180828833
2020-11-04,0.0008957326040552213,0.022349303741435,1,0.022349303741435,0.0,0.022349303741435,1.1589063488201348,1.0634467418895601
2020-11-05,0.0008957331071369806,0.0195028458047499,1,0.0195028458047499,0.0,0.0195028458047499,1.1815083206433197,1.084186979718196
2020-11-06,0.0008957329413923475,-0.0002285207974955,1,-0.0002285207974955,0.0,-0.0002285207974955,1.1812383214196387,1.0839392204449565
2020-11-09,0.0008957329959983492,0.0125655336175305,1,0.0125655336175305,0.0,0.0125655336175305,1.1960812112577526,1.0975594951588175
2020-11-10,0.0008957329780079301,-0.0014664103579923,1,-0.0014664103579923,0.0,-0.0014664103579923,1.194327265380564,1.0959500225466037
2020-11-11,0.0008957329839350292,0.0074286235239466,1,0.0074286235239466,0.0,0.0074286235239466,1.203199472999461,1.1040914226651632
2020-11-12,0.0008957329819822952,-0.0097007334380783,1,-0.0097007334380783,0.0,-0.0097007334380783,1.191527555639057,1.09338092608262
2020-11-13,0.004158721073406925,0.0138439616403189,1,0.0138439616403189,0.0,0.0138439616403189,1.2080230174127071,1.108517649681564
2020-11-16,-0.0002097085767467097,0.0124830988602522,0,0.0,1.0,-0.0005,1.2074190059040009,1.1223553850908734
2020-11-17,0.0011671982555191145,-0.0053787012315378,1,-0.0053787012315378,1.0,-0.005878701231537799,1.200320950307011,1.116318570798862
2020-11-18,0.0007332042172555866,-0.0120346750561484,1,-0.0120346750561484,0.0,-0.0120346750561484,1.1858754777069789,1.1028840395401538
2020-11-19,0.0008699969332437383,0.0042103112197664,1,0.0042103112197664,0.0,0.0042103112197664,1.1908683825360145,1.107527524585931
2020-11-20,0.000826880564128887,-0.0068480216074177,1,-0.0068480216074177,0.0,-0.0068480216074177,1.1827132901208173,1.0999431521667569
2020-11-23,0.0008404706246245725,0.0059943431133364,1,0.0059943431133364,0.0,0.0059943431133364,1.1898028793865045,1.1065365888260092
2020-11-24,0.0008361871065995639,0.016114121493606,1,0.016114121493606,0.0,0.016114121493606,1.208975507538381,1.124367453855472
2020-11-25,0.0008375372497189708,-0.0015421200378811,1,-0.0015421200378811,0.0,-0.0015421200378811,1.2071111221828985,1.12263354427494
2020-11-27,0.0008371116914670294,0.0027850858764146,1,0.0027850858764146,0.0,0.0027850858764146,1.210473030320553,1.1257601751034896
2020-11-30,0.0008372458252660262,-0.0044271087432494,1,-0.0044271087432494,0.0,-0.0044271087432494,1.2051141345845535,1.120776312389487
2020-12-01,0.0008372035469740387,0.0109375628654673,1,0.0109375628654673,0.0,0.0109375628654673,1.2182951461916354,1.1330348737643736
2020-12-02,0.0008372168728768817,0.0021036913603411,1,0.0021036913603411,0.0,0.0021036913603411,1.2208580631650243,1.135418429439277
2020-12-03,0.0008372126726200067,-0.0002728290146561,1,-0.0002728290146561,0.0,-0.0002728290146561,1.2205249776626161,1.1351086543479507
2020-12-04,0.0008372139965196347,0.0086177506165769,1,0.0086177506165769,0.0,0.0086177506165769,1.2310431575414158,1.1448907376538398
2020-12-07,0.0008372135792331979,-0.0020548229525211,1,-0.0020548229525211,0.0,-0.0020548229525211,1.2285135818057555,1.1425381898879798
2020-12-08,0.0008372137107597628,0.0029260100215688,1,0.0029260100215688,0.0,0.0029260100215688,1.2321082248577526,1.1458812680816173
2020-12-09,0.0008372136693032578,-0.0089687260569264,1,-0.0089687260569264,0.0,-0.0089687260569264,1.2210577837165175,1.1356041728944297
2020-12-10,0.0008372136823701376,-0.0003272163419354,1,-0.0003272163419354,0.0,-0.0003272163419354,1.220658233655238,1.1352325846510887
2020-12-11,0.0008372136782515235,-0.0011725445341089,1,-0.0011725445341089,0.0,-0.0011725445341089,1.2192269575153507,1.1339014738890139
2020-12-14,0.0015205001112664962,-0.0044771824465922,1,-0.0044771824465922,0.0,-0.0044771824465922,1.213768255982751,1.128824790113953
2020-12-15,0.0006712780603795211,0.0135194224718309,1,0.0135194224718309,0.0,0.0135194224718309,1.2301777018182791,1.1440858493481794
2020-12-16,0.0009390709070191473,0.0015693042042792,1,0.0015693042042792,0.0,0.0015693042042792,1.232108224857753,1.145881268081618
2020-12-17,0.0008546253740322762,0.0055919346817034,1,0.0055919346817034,0.0,0.0055919346817034,1.2389980935719473,1.152288961285718
2020-12-18,0.0008812543453842747,-0.0039929450495835,1,-0.0039929450495835,0.0,-0.0039929450495835,1.2340508422677758,1.1476879347820623
2020-12-21,0.0008728571917376064,-0.0035754329832125,1,-0.0035754329832125,0.0,-0.0035754329832125,1.2296385761833704,1.1435844534856074
2020-12-22,0.0008755051419131382,-0.0016854511038415,1,-0.0016854511038415,0.0,-0.0016854511038415,1.227566080487816,1.1416569978061442
2020-12-23,0.0008746701399080384,0.0008986023467154,1,0.0008986023467154,0.0,0.0008986023467154,1.2286691742484905,1.142682893463517
2020-12-24,0.0008749334486194195,0.0038904770971228,1,0.0038904770971228,0.0,0.0038904770971228,1.2334492835308453,1.1471284750898108
2020-12-28,0.0008748504171092366,0.008590877691385,1,0.008590877691385,0.0,0.008590877691385,1.2440456954641852,1.1569833155156124
2020-12-29,0.0008748766001840278,-0.0019078386831875,1,-0.0019078386831875,0.0,-0.0019078386831875,1.2416722569627259,1.1547759779904692
2020-12-30,0.0008748683436389643,0.0014269230840107,1,0.0014269230840107,0.0,0.0014269230840107,1.2434440277689616,1.1564237544903249
2020-12-31,0.0008748709472497675,0.0050804802968074,1,0.0050804802968074,0.0,0.0050804802968074,1.2497613206522247,1.162298942589773
2021-01-04,0.0008748701262296964,-0.0136137566151405,1,-0.0136137566151405,0.0,-0.0136137566151405,1.2327473742058488,1.1464756876713207
2021-01-05,0.0008748703851293584,0.0068872571159572,1,0.0068872571159572,0.0,0.0068872571159572,1.2412376223310257,1.154371760509507
2021-01-06,0.0008748703034881936,0.0059785671523351,1,0.0059785671523351,0.0,0.0059785671523351,1.2486584448081366,1.1612732495984723
2021-01-07,0.0008748703292328383,0.0148576344068005,1,0.0148576344068005,0.0,0.0148576344068005,1.2672105554800601,1.1785270229874036
2021-01-08,0.0008748703211145473,0.0056974773080682,1,0.0056974773080682,0.0,0.0056974773080682,1.2744304588644524,1.1852416539578197
2021-01-11,0.0008748703236745611,-0.0067406500646604,1,-0.0067406500646604,0.0,-0.0067406500646604,1.2658399691095026,1.1772523547264306
2021-01-12,0.0008748703228672889,0.0002112302171797,1,0.0002112302171797,0.0,0.0002112302171797,1.2661073527610924,1.177501025996995
2021-01-13,0.001866104249603115,0.0026929177090406,1,0.0026929177090406,0.0,0.0026929177090406,1.2695168756728894,1.1806719393623157
2021-01-14,0.0013443278816584572,-0.0035018961666587,1,-0.0035018961666587,0.0,-0.0035018961666587,1.265071159392462,1.1765373488237814
2021-01-15,0.0015088422633040693,-0.0072928186312507,1,-0.0072928186312507,0.0,-0.0072928186312507,1.2558452248713867,1.167957075325917
2021-01-19,0.001456971417035484,0.0078520372246013,1,0.0078520372246013,0.0,0.0078520372246013,1.2657061683254147,1.1771279177581127
2021-01-20,0.0014733261251510038,0.013838677431651,1,0.013838677431651,0.0,0.013838677431651,1.2832218677121212,1.1934178113077583
2021-01-21,0.001468169539192123,0.0009115931278649,1,0.0009115931278649,0.0,0.0009115931278649,1.2843916439482537,1.194505722783218
2021-01-22,0.0014697953938734483,-0.0035393012507719,1,-0.0035393012507719,0.0,-0.0035393012507719,1.2798457949963467,1.1902780071845172
2021-01-25,0.0014692827672119582,0.0039439141121311,1,0.0039439141121311,0.0,0.0039439141121311,1.2848933968885845,1.1949723614144114
2021-01-26,0.001469444396721095,-0.0015611584457103,1,-0.0015611584457103,0.0,-0.0015611584457103,1.2828874747101946,1.193106820219999
2021-01-27,0.0014693934354656896,-0.0244404781166143,1,-0.0244404781166143,0.0,-0.0244404781166143,1.2515330914584615,1.1639467190896289
2021-01-28,0.001469409503382782,0.0086002951329187,1,0.0086002951329187,0.0,0.0086002951329187,1.2622966454136184,1.173957004392792
2021-01-29,0.0014694044372210943,-0.0200197045593595,1,-0.0200197045593595,0.0,-0.0200197045593595,1.237025839506167,1.1504547319994576
2021-02-01,0.0014694060345652987,0.0166456960831764,1,0.0166456960831764,0.0,0.0166456960831764,1.2576169956776229,1.1696048518257727
2021-02-02,0.0014694055309278974,0.0141401278631163,1,0.0141401278631163,0.0,0.0141401278631163,1.2753998607993327,1.1861432139799104
2021-02-03,0.0014694056897231222,0.0007863040931126,1,0.0007863040931126,0.0,0.0007863040931126,1.2764027129302344,1.1870758832440806
2021-02-04,0.0014694056396555074,0.0113657326213214,1,0.0113657326213214,0.0,0.0113657326213214,1.2909099648825288,1.200567870334252
2021-02-05,0.0014694056554416626,0.0039358547922709,1,0.0039358547922709,0.0,0.0039358547922709,1.2959907990542021,1.2052931311401536
2021-02-08,0.0014694056504643395,0.0072219851820714,1,0.0072219851820714,0.0,0.0072219851820714,1.3053504254010724,1.2139977402733002
2021-02-09,0.0014694056520336732,-0.0006658444262886,1,-0.0006658444262886,0.0,-0.0006658444262886,1.3044812650959656,1.2131894066444122
2021-02-10,0.0014694056515388674,-0.0004356723800499,1,-0.0004356723800499,0.0,-0.0004356723800499,1.3039129386384707,1.212660853528168
2021-02-11,0.0025985957805373674,0.0016150970123629,1,0.0016150970123629,0.0,0.0016150970123629,1.306018884530047,1.2146194184497108
2021-02-12,0.0015775550079012194,0.0049396771060161,1,0.0049396771060161,0.0,0.0049396771060161,1.3124701961139849,1.2206192461835494
2021-02-16,0.0019211384369886625,-0.0008657918811982,1,-0.0008657918811982,0.0,-0.0008657918811982,1.3113338700738748,1.2195624439501696
2021-02-17,0.0018055215332300567,0.0002294105677258,1,0.0002294105677258,0.0,0.0002294105677258,1.3116347039214866,1.2198422244628133
2021-02-18,0.0018444269847247058,-0.0042560395655341,1,-0.0042560395655341,0.0,-0.0042560395655341,1.306052334726069,1.2146505276917905
2021-02-19,0.0018313351780182853,-0.0017660380431073,1,-0.0017660380431073,0.0,-0.0017660380431073,1.3037457966166537,1.2125054086508065
2021-02-22,0.0018357406121220856,-0.0076918326104384,1,-0.0076918326104384,0.0,-0.0076918326104384,1.2937176021825159,1.2031790200082133
2021-02-23,0.0018342581697000319,0.0012146364108613,1,0.0012146364108613,0.0,0.0012146364108613,1.2952889986874991,1.2046404450547
2021-02-24,0.0018347570162343175,0.011019324299748,1,0.011019324299748,0.0,0.011019324299748,1.3095622082259326,1.2179147687833505
2021-02-25,0.0018345891528076732,-0.0240957369669565,1,-0.0240957369669565,0.0,-0.0240957369669565,1.2780073417146538,1.1885682148665753
2021-02-26,0.0018346456393783278,-0.0051524699714203,1,-0.0051524699714203,0.0,-0.0051524699714203,1.2714224472632143,1.1824441528304905
2021-03-01,0.0018346266314697671,0.0242399213429964,1,0.0242399213429964,0.0,0.0242399213429964,1.3022416273785946,1.2111065060875876
2021-03-02,0.001834633027690739,-0.0078032963222772,1,-0.0078032963222772,0.0,-0.0078032963222772,1.292079850076955,1.2016558831427484
2021-03-03,0.001834630875342279,-0.0132454569855954,1,-0.0132454569855954,0.0,-0.0132454569855954,1.274965662000806,1.1857394018310934
2021-03-04,0.0018346315996143005,-0.012375004379814,1,-0.012375004379814,0.0,-0.012375004379814,1.2591879563494337,1.1710658715401157
2021-03-05,0.0018346313558944888,0.0183967523334058,1,0.0183967523334058,0.0,0.0183967523334058,1.2823529253236017,1.1926096803449433
2021-03-08,0.0018346314379069713,-0.0049787543071075,1,-0.0049787543071075,0.0,-0.0049787543071075,1.2759684051734148,1.1866719697622279
2021-03-09,0.0018346314103095131,0.0142773909444364,1,0.0142773909444364,0.0,0.0142773909444364,1.2941859049268247,1.2036145493973278
2021-03-10,0.0018346314195961445,0.0062245481279799,1,0.0062245481279799,0.0,0.0062245481279799,1.302241627378595,1.2111065060875883
2021-03-11,0.0018346314164711637,0.0101391060584965,1,0.0101391060584965,0.0,0.0101391060584965,1.3154451933523759,1.2233860434009456
2021-03-12,-0.0016966635321005365,0.0013468154027971,0,0.0,1.0,-0.0005,1.3147874707556997,1.225033718567765
2021-03-15,0.0031503353338528627,0.005963677945509,1,0.005963677945509,1.0,0.005463677945508999,1.3219710460626992,1.2323394251376927
2021-03-16,0.0011653864188944352,-0.001261627065572,1,-0.001261627065572,0.0,-0.001261627065572,1.320303211611084,1.2307846723649676
2021-03-17,0.001978265130847598,0.0034101938780022,1,0.0034101938780022,0.0,0.0034101938780022,1.3248057015404269,1.2349818867198055
2021-03-18,0.0016453740446503132,-0.0145498322564933,1,-0.0145498322564933,0.0,-0.0145498322564933,1.3055300008105677,1.2170131074282247
2021-03-19,0.0017817000101850006,-0.0018503696034807,1,-0.0018503696034807,0.0,-0.0018503696034807,1.3031142877806356,1.2147611833672018
2021-03-22,0.0017258716337293129,0.0079851115424751,1,0.0079851115424751,0.0,0.0079851115424751,1.313519800721157,1.2244611869138582
2021-03-23,0.001748734538865935,-0.0078709589429715,1,-0.0078709589429715,0.0,-0.0078709589429715,1.3031811402989006,1.214823503184397
2021-03-24,0.0017393716939388382,-0.0050832365385777,1,-0.0050832365385777,0.0,-0.0050832365385777,1.296556762310148,1.2086482679650872
2021-03-25,0.0017432059776663442,0.0056254943938307,1,0.0056254943938307,0.0,0.0056254943938307,1.3038505351078071,1.215447512020638
2021-03-26,0.0017416357570958349,0.0161149412197156,1,0.0161149412197156,0.0,0.0161149412197156,1.3248620098403643,1.2350343772325003
2021-03-29,0.001742278795747973,-0.0005049280534957,1,-0.0005049280534957,0.0,-0.0005049280534957,1.3241930498445853,1.234410773728404
2021-03-30,0.0017420154577711883,-0.0026529913137889,1,-0.0026529913137889,0.0,-0.0026529913137889,1.320679977185568,1.2311358926680551
2021-03-31,0.001742123300262128,0.0040532855811927,1,0.0040532855811927,0.0,0.0040532855811927,1.3260330702944643,1.2361260380302954
2021-04-01,0.0017420791364730914,0.010799147577666,1,0.010799147577666,0.0,0.010799147577666,1.3403530971134399,1.2494751455395803
2021-04-05,0.0017420972224820948,0.0143530821386488,1,0.0143530821386488,0.0,0.0143530821386488,1.3595912952111013,1.2674089649337101
2021-04-06,0.0017420898158775257,-0.0005907720588882,1,-0.0005907720588882,0.0,-0.0005907720588882,1.358788086662383,1.2666602151300428
2021-04-07,0.0017420928490393048,0.001157362499903,1,0.001157362499903,0.0,0.001157362499903,1.360360697039201,1.2681262001631535
2021-04-08,0.0017420916068951763,0.0047469163622184,1,0.0047469163622184,0.0,0.0047469163622184,1.3668182154904953,1.2741458891720658
2021-04-09,0.001742092115579562,0.0072699321488374,1,0.0072699321488374,0.0,0.0072699321488374,1.3767548911769063,1.283408843334067
2021-04-12,0.0010367422061229063,0.0003646195544724,1,0.0003646195544724,0.0,0.0003646195544724,1.377256882931945,1.2838767992947293
2021-04-13,0.0018295950552776104,0.0029637232382895,1,0.0029637232382895,0.0,0.0029637232382895,1.3813386911609846,1.2876818547998998
2021-04-14,0.0017287453064026425,-0.0034150115711886,1,-0.0034150115711886,0.0,-0.0034150115711886,1.3766214035469393,1.2832844063657485
2021-04-15,0.0017415732502751877,0.0107424746691968,1,0.0107424746691968,0.0,0.0107424746691968,1.3914097241036165,1.297070056594508
2021-04-16,0.0017399415541546432,0.0033424033351066,1,0.0033424033351066,0.0,0.0033424033351066,1.3960603766059603,1.3014053878775362
2021-04-19,0.0017401491035683493,-0.0049130824036464,1,-0.0049130824036464,0.0,-0.0049130824036464,1.3892014169352296,1.2950114759663445
2021-04-20,0.0017401227035796583,-0.0073216577843896,1,-0.0073216577843896,0.0,-0.0073216577843896,1.3790301595668406,1.2855298451124615
2021-04-21,0.001740126061620476,0.0094621811896671,1,0.0094621811896671,0.0,0.0094621811896671,1.3920787928026777,1.2976937614316404
2021-04-22,0.001740125634482485,-0.0091331357107081,1,-0.0091331357107081,0.0,-0.0091331357107081,1.3793647482680123,1.285841748197546
2021-04-23,0.0017401256888138266,0.0108423931567351,1,0.0108423931567351,0.0,0.0108423931567351,1.3943203631752752,1.2997833499688474
2021-04-26,0.0017401256819029576,0.0020877305233313,1,0.0020877305233313,0.0,0.0020877305233313,1.3972313283567785,1.3024969473422952
2021-04-27,0.0017401256827820103,-0.0002156589899223,1,-0.0002156589899223,0.0,-0.0002156589899223,1.3969300028598173,1.3022160521662545
2021-04-28,0.0017401256826701961,-0.0002873738974856,1,-0.0002873738974856,0.0,-0.0002873738974856,1.3965285616403809,1.3018418292639753
2021-04-29,0.0017401256826844187,0.0063729255047086,1,0.0063729255047086,0.0,0.0063729255047086,1.405428534128913,1.3101383702607883
2021-04-30,0.0017401256826826096,-0.0065707146743744,1,-0.0065707146743744,0.0,-0.0065707146743744,1.3961938642359275,1.3015298248458547
2021-05-03,0.0017401256826828396,0.0021569466778552,1,0.0021569466778552,0.0,0.0021569466778552,1.399205379953033,1.3043371552776855
2021-05-04,0.0017401256826828104,-0.006169384730293,1,-0.006169384730293,0.0,-0.006169384730293,1.390573143647407,1.2962901975487615
2021-05-05,0.001740125682682814,0.0003127644397542,1,0.0003127644397542,0.0,0.0003127644397542,1.3910080654776171,1.2966956310261568
2021-05-06,0.0017401256826828136,0.0079856203037484,1,0.0079856203037484,0.0,0.0079856203037484,1.402116127727973,1.3070505499850613
2021-05-07,0.0017401256826828136,0.0072780200399067,1,0.0072780200399067,0.0,0.0072780200399067,1.4123207570038536,1.3165632900810238
2021-05-10,0.001060012508402373,-0.0099023747581189,1,-0.0099023747581189,0.0,-0.0099023747581189,1.3983354275893312,1.3035261869898593
2021-05-11,0.001697726921823733,-0.0089247463207362,1,-0.0089247463207362,0.0,-0.0089247463207362,1.3858556386267982,1.2918925464485382
2021-05-12,0.0016323233868449066,-0.0212453124670316,1,-0.0212453124670316,0.0,-0.0212453124670316,1.3564127025499741,1.26444588562541
2021-05-13,0.0016390311267010234,0.0120125457991631,1,0.0120125457991631,0.0,0.0120125457991631,1.3727066722619223,1.2796350997370485
2021-05-14,0.0016383431856900076,0.0153551448901509,1,0.0153551448901509,0.0,0.0153551448901509,1.393784782106181,1.2992840821000338
2021-05-17,0.0016384137404289792,-0.0025444707188938,1,-0.0025444707188938,0.0,-0.0025444707188938,1.390238337539672,1.2959780917976054
2021-05-18,0.0016384065043853191,-0.0086154084333811,1,-0.0086154084333811,0.0,-0.0086154084333811,1.378260866442023,1.284812711216055
2021-05-19,0.0016384072465087912,-0.0026218717244349,1,-0.0026218717244349,0.0,-0.0026218717244349,1.3746472432474035,1.281444097097323
2021-05-20,0.0016384071703971377,0.01075806032121,1,0.01075806032121,0.0,0.01075806032121,1.3894357812106441,1.2952299499921547
2021-05-21,0.0016384071782030946,-0.0008187351000382,1,-0.0008187351000382,0.0,-0.0008187351000382,1.388298201367318,1.2941694997694755
2021-05-24,0.0016384071774025212,0.0101941463641512,1,0.0101941463641512,0.0,0.0101941463641512,1.4024507164291444,1.307362453070146
2021-05-25,0.0016384071774846274,-0.0022188650265497,1,-0.0022188650265497,0.0,-0.0022188650265497,1.3993388675830003,1.3044615922460046
2021-05-26,0.0016384071774762066,0.0019846944934573,1,0.0019846944934573,0.0,0.0019846944934573,1.4021161277279732,1.3070505499850618
2021-05-27,0.0016384071774770703,0.0005250197250654,1,0.0005250197250654,0.0,0.0005250197250654,1.4028522663518628,1.3077367773054616
2021-05-28,0.0016384071774769818,0.0017887176117474,1,0.0017887176117474,0.0,0.0017887176117474,1.4053615729073663,1.3100759491105578
2021-06-01,0.001638407177476991,-0.0008809275132558,1,-0.0008809275132558,0.0,-0.0008809275132558,1.4041235512317198,1.3089218671625318
2021-06-02,0.00163840717747699,0.0015724977026452,1,0.0015724977026452,0.0,0.0015724977026452,1.4063315322902619,1.310980143791587
2021-06-03,0.00163840717747699,-0.0037111177860181,1,-0.0037111177860181,0.0,-0.0037111177860181,1.4011124703277413,1.3061149420628455
2021-06-04,0.00163840717747699,0.0091460145717425,1,0.0091460145717425,0.0,0.0091460145717425,1.4139270653980092,1.318060688355323
2021-06-07,0.00163840717747699,-0.0009703844389145,1,-0.0009703844389145,0.0,-0.0009703844389145,1.412555012575987,1.316781662773798
2021-06-08,0.001462756790524931,0.0002130886120796,1,0.0002130886120796,0.0,0.0002130886120796,1.4128560119631028,1.3170622539507304
2021-06-09,0.0011983675461681776,-0.0014918410757628,1,-0.0014918410757628,0.0,-0.0014918410757628,1.410748255330318,1.31509740638095
2021-06-10,0.0012270965289685881,0.0046484146638308,1,0.0046484146638308,0.0,0.0046484146638308,1.417305998207369,1.321210524449137
2021-06-11,0.001223974789070453,0.0016523626546405,1,0.0016523626546405,0.0,0.0016523626546405,1.419647901709005,1.3233936433786548
2021-06-14,0.001224314002611681,0.0022389241402882,1,0.0022389241402882,0.0,0.0022389241402882,1.4228263856668508,1.3263566213539193
2021-06-15,0.001224277143094134,-0.0018340473634366,1,-0.0018340473634366,0.0,-0.0018340473634366,1.4202168546855904,1.3239240204895484
2021-06-16,0.0012242811483116995,-0.0055835104849737,1,-0.0055835104849737,0.0,-0.0055835104849737,1.412287058986517,1.3165318768398364
2021-06-17,0.0012242807130979797,-0.0003316623472565,1,-0.0003316623472565,0.0,-0.0003316623472565,1.4118186565455337,1.3160952327873259
2021-06-18,0.0012242807603890392,-0.0134902547155719,1,-0.0134902547155719,0.0,-0.0134902547155719,1.392772863256538,1.298340772867075
2021-06-21,0.0012242807552503127,0.0143159735357609,1,0.0143159735357609,0.0,0.0143159735357609,1.4127117627082446,1.3169277850118395
2021-06-22,0.0012242807558086955,0.0053460916851877,1,0.0053460916851877,0.0,0.0053460916851877,1.4202642493164261,1.3239682016932839
2021-06-23,0.0012242807557480207,-0.0012050807951374,1,-0.0012050807951374,0.0,-0.0012050807951374,1.4185527161455547,1.3223727130400507
2021-06-24,0.0012242807557546137,0.0059155070101239,1,0.0059155070101239,0.0,0.0059155070101239,1.426944174682144,1.3301952180940357
2021-06-25,0.0012242807557538973,0.0035521539061009,1,0.0035521539061009,0.0,0.0035521539061009,1.4320129000060293,1.3349202762338652
2021-06-28,0.0012242807557539751,0.0020160785280007,1,0.0020160785280007,0.0,0.0020160785280007,1.4348999504655515,1.337611580339373
2021-06-29,0.0012242807557539667,0.0005378725534468,1,0.0005378725534468,0.0,0.0005378725534468,1.4356717437658493,1.3383310448956103
2021-06-30,0.0012242807557539676,0.000841658746145,1,0.000841658746145,0.0,0.000841658746145,1.436880089445583,1.3394574629247842
2021-07-01,0.0012242807557539676,0.005536613480831,1,0.005536613480831,0.0,0.005536613480831,1.4448355391191452,1.3468735211710132
2021-07-02,0.0012242807557539676,0.0076437262339679,1,0.0076437262339679,0.0,0.0076437262339679,1.4558794664332795,1.357168653638625
2021-07-06,0.0012242807557539676,-0.0018215280332462,1,-0.0018215280332462,0.0,-0.0018215280332462,1.4532275411721438,1.3546965328901792
2021-07-07,0.0016660105579316977,0.0035339865230532,1,0.0035339865230532,0.0,0.0035339865230532,1.458363227717576,1.35948401218024
2021-07-08,0.0013127991061108383,-0.0081479576624925,1,-0.0081479576624925,0.0,-0.0081479576624925,1.4464805458815972,1.34840699400616
2021-07-09,0.001348571708029277,0.0106746329871589,1,0.0106746329871589,0.0,0.0106746329871589,1.4619211948319486,1.362800743784494
2021-07-12,0.0013449487251349847,0.0035820480014061,1,0.0035820480014061,0.0,0.0035820480014061,1.4671578667261096,1.3676823614650822
2021-07-13,0.0013453156541350687,-0.003409077858961,1,-0.003409077858961,0.0,-0.003409077858961,1.462156211327053,1.36301982580852
2021-07-14,0.0013452784922452583,0.0014923916203928,1,0.0014923916203928,0.0,0.0014923916203928,1.4643383210045429,1.3650539851749859
2021-07-15,0.0013452822559326583,-0.0034156419505741,1,-0.0034156419505741,0.0,-0.0034156419505741,1.4593366656054865,1.360391449518424
2021-07-16,0.0013452818747533664,-0.0078436017103967,1,-0.0078436017103967,0.0,-0.0078436017103967,1.4478902100390987,1.3497210808181723
2021-07-19,0.0013452819133584993,-0.0147680251477985,1,-0.0147680251477985,0.0,-0.0147680251477985,1.42650773100599,1.3297883659541359
2021-07-20,0.001345281909448643,0.0143306954610054,1,0.0143306954610054,0.0,0.0143306954610054,1.4469505788718067,1.3488451580542127
2021-07-21,0.001345281909844626,0.0080962295050315,1,0.0080962295050315,0.0,0.0080962295050315,1.4586654228407911,1.35976571802057
2021-07-22,0.0013452819098045215,0.0020940800877575,1,0.0020940800877575,0.0,0.0020940800877575,1.4617199850574625,1.3626131763346923
2021-07-23,0.0013452819098085831,0.010287888342872,1,0.010287888342872,0.0,0.010287888342872,1.4767579970522784,1.37663158854735
2021-07-26,0.0013452819098081718,0.0024548001430966,1,0.0024548001430966,0.0,0.0024548001430966,1.4803831427947614,1.3800109439679074
2021-07-27,0.0013452819098082134,-0.0045575272996744,1,-0.0045575272996744,0.0,-0.0045575272996744,1.4736362562074965,1.3737215064169241
2021-07-28,0.0013452819098082093,-0.000410135298914,1,-0.000410135298914,0.0,-0.000410135298914,1.4730318659610664,1.3731580947362654
2021-07-29,0.0013452819098082097,0.0041474607447955,1,0.0041474607447955,0.0,0.0041474607447955,1.479141207800973,1.3788532140305823
2021-07-30,0.0013452819098082097,-0.0048564195396183,1,-0.0048564195396183,0.0,-0.0048564195396183,1.4719578775375535,1.3721569243396985
2021-08-02,0.0013452819098082097,-0.0020979890646686,1,-0.0020979890646686,0.0,-0.0020979890646686,1.4688697260068269,1.3692781541174244
2021-08-03,0.0013452819098082097,0.0081354120467682,1,0.0081354120467682,0.0,0.0081354120467682,1.480819586470916,1.380417796107808
2021-08-04,0.0007060593343965636,-0.0049188905717153,1,-0.0049188905717153,0.0,-0.0049188905717153,1.4735355969686128,1.3736276720255052
2021-08-05,0.0013114978592706692,0.0063328920880971,1,0.0063328920880971,0.0,0.0063328920880971,1.482867338892185,1.3823267078416668
2021-08-06,0.001262158997381486,0.0016523937167254,1,0.0016523937167254,0.0,0.0016523937167254,1.4853176195657076,1.384610855808166
2021-08-09,0.001266179757859234,-0.0008135267930687,1,-0.0008135267930687,0.0,-0.0008135267930687,1.484109273885974,1.3834844377789923
2021-08-10,0.0012658520949541648,0.001243989623556,1,0.001243989623556,0.0,0.001243989623556,1.4859554904229115,1.3852054780639407
2021-08-11,0.001265878797111618,0.0024849612259287,1,0.0024849612259287,0.0,0.0024849612259287,1.4896480322000685,1.3886476599668738
2021-08-12,0.0012658766210788671,0.002996978940148,1,0.002996978940148,0.0,0.002996978940148,1.494112475980805,1.3928094077590805
2021-08-13,0.0012658767984098016,0.0018197334714697,1,0.0018197334714697,0.0,0.0018197334714697,1.496831362463488,1.3953439496577578
2021-08-16,0.0012658767839586126,0.0023545590296272,1,0.0023545590296272,0.0,0.0023545590296272,1.5003557402638055,1.39862936935386
2021-08-17,0.00126587678513628,-0.0065551374611079,1,-0.0065551374611079,0.0,-0.0065551374611079,1.490520702145814,1.3894611615806027
2021-08-18,0.0012658767850403086,-0.0109451489619035,1,-0.0109451489619035,0.0,-0.0109451489619035,1.474206731030027,1.3742533021903236
2021-08-19,0.0012658767850481296,0.0015484727266024,1,0.0015484727266024,0.0,0.0015484727266024,1.4764894999464009,1.3763812959482087
2021-08-20,0.0012658767850474923,0.007957151534115,1,0.007957151534115,0.0,0.007957151534115,1.488238150636004,1.3873333704887902
2021-08-23,0.0012658767850475443,0.008796471799007,1,0.008796471799007,0.0,0.008796471799007,1.50132939555828,1.3995370093581163
2021-08-24,0.00126587678504754,0.0015874003105147,1,0.0015874003105147,0.0,0.0015874003105147,1.5037126063069741,1.4017586348413482
2021-08-25,0.0012658767850475404,0.0020984321398145,1,0.0020984321398145,0.0,0.0020984321398145,1.506868045169093,1.4047001302129618
2021-08-26,0.0012658767850475404,-0.0059032421446705,1,-0.0059032421446705,0.0,-0.0059032421446705,1.4979726382183935,1.3964078452036646
2021-08-27,0.0012658767850475404,0.008940971951356,1,0.008940971951356,0.0,0.008940971951356,1.511365969560603,1.408893088580284
2021-08-30,0.0012658767850475404,0.0043974970207336,1,0.0043974970207336,0.0,0.0043974970207336,1.518012196908984,1.415088691739848
2021-08-31,0.0012658767850475404,-0.0014815178694442,1,-0.0014815178694442,0.0,-0.0014815178694442,1.515763234713229,1.4129922125561871
2021-09-01,0.0013142666250177864,0.0005314814361947,1,0.0005314814361947,0.0,0.0005314814361947,1.5165688347341457,1.4137431916866485
2021-09-02,0.0011056437651290167,0.0030765252137876,1,0.0030765252137876,0.0,0.0030765252137876,1.52123459699265,1.4180926082616931
2021-09-03,0.0011212113089630936,-0.0002427403694169,1,-0.0002427403694169,0.0,-0.0002427403694169,1.5208653319446062,1.4177483799380963
2021-09-07,0.0011200496509302436,-0.0035753752471503,1,-0.0035753752471503,0.0,-0.0035753752471503,1.5154276676825222,1.4126793974737781
2021-09-08,0.0011201363344430487,-0.0012184960629673,1,-0.0012184960629673,0.0,-0.0012184960629673,1.5135811250357394,1.4109580531897212
2021-09-09,0.0011201298660752676,-0.0042799578194981,1,-0.0042799578194981,0.0,-0.0042799578194981,1.507103061664198,1.404919212236988
2021-09-10,0.0011201303487481588,-0.0078845963124914,1,-0.0078845963124914,0.0,-0.0078845963124914,1.4952201624216561,1.3938419913968358
2021-09-13,0.0011201303127308625,0.002559058266558,1,0.002559058266558,0.0,0.002559058266558,1.4990465179386254,1.3974089142671955
2021-09-14,0.0011201303154184915,-0.0053964174714616,1,-0.0053964174714616,0.0,-0.0053964174714616,1.4909570371186878,1.3898679123874678
2021-09-15,0.0011201303152179392,0.008352677145158,1,0.008352677145158,0.0,0.008352677145158,1.5034105198870416,1.4014770303340551
2021-09-16,0.0011201303152329044,-0.0015852029217363,1,-0.0015852029217363,0.0,-0.0015852029217363,1.5010273091383477,1.3992554048508234
2021-09-17,0.0011201303152317877,-0.0097410417741791,1,-0.0097410417741791,0.0,-0.0097410417741791,1.4864057394158474,1.3856251994994258
2021-09-20,0.001120130315231871,-0.0166743052659238,1,-0.0166743052659238,0.0,-0.0166743052659238,1.4616209563678064,1.3625208619388156
2021-09-21,0.0011201303152318647,-0.0009445209936153,1,-0.0009445209936153,0.0,-0.0009445209936153,1.4602404246898089,1.3612339323804756
2021-09-22,0.0011201303152318651,0.0097548109845786,1,0.0097548109845786,0.0,0.0097548109845786,1.4744847940246988,1.374512512096642
2021-09-23,0.0011201303152318651,0.0121500484949177,1,0.0121500484949177,0.0,0.0121500484949177,1.4923998557771176,1.3912129057754874
2021-09-24,0.0011201303152318651,0.0016473021021383,1,0.0016473021021383,0.0,0.0016473021021383,1.4948582891967703,1.3935046537196933
2021-09-27,0.0011201303152318651,-0.0028610943596846,1,-0.0028610943596846,0.0,-0.0028610943596846,1.4905813585770216,1.3895177054147416
2021-09-28,0.0011201303152318651,-0.020151781024834,1,-0.020151781024834,0.0,-0.020151781024834,1.460543489439278,1.361516448885094
2021-09-29,0.0011201303152318651,0.0016830830652176,1,0.0016830830652176,0.0,0.0016830830652176,1.4630017054523672,1.3638079941632277
2021-09-30,0.0011339853115421407,-0.0122223063480785,1,-0.0122223063480785,0.0,-0.0122223063480785,1.445120450420567,1.3471391150586063
2021-10-01,0.0011550418957420715,0.011884152269697,1,0.011884152269697,0.0,0.011884152269697,1.4622944819014183,1.3631487214304276
2021-10-04,0.0011542344261518192,-0.0128959910913968,1,-0.0128959910913968,0.0,-0.0128959910913968,1.443436745289819,1.3455695676626118
2021-10-05,0.0011542653906773564,0.0104049451881007,1,0.0104049451881007,0.0,0.0104049451881007,1.45845562550705,1.3595701452609177
2021-10-06,0.0011542642032619376,0.0041559680550948,1,0.0041559680550948,0.0,0.0041559680550948,1.4645169204964308,1.3652204753532828
2021-10-07,0.001154264248796476,0.00864561506642,1,0.00864561506642,0.0,0.00864561506642,1.4771785700493019,1.3770236460639822
2021-10-08,0.0011542642470503354,-0.0018235953859747,1,-0.0018235953859747,0.0,-0.0018235953859747,1.4744847940246992,1.374512512096642
2021-10-11,0.0011542642471172957,-0.0072397353407192,1,-0.0072397353407192,0.0,-0.0072397353407192,1.4638099143520455,1.3645614052865551
2021-10-12,0.0011542642471147279,-0.0024615876334257,1,-0.0024615876334257,0.0,-0.0024615876334257,1.4602066179691906,1.3612024178062516
2021-10-13,0.0011542642471148263,0.0035975695003289,1,0.0035975695003289,0.0,0.0035975695003289,1.4654598127621752,1.3660994381083253
2021-10-14,0.0011542642471148226,0.0168206529882464,1,0.0168206529882464,0.0,0.0168206529882464,1.4901098037408682,1.389078122704184
2021-10-15,0.0011542642471148229,0.0076158180945966,1,0.0076158180945966,0.0,0.0076158180945966,1.5014582089471338,1.3996570890058828
2021-10-18,0.0011542642471148229,0.0029604459630103,1,0.0029604459630103,0.0,0.0029604459630103,1.50590319484044,1.4038006981846292
2021-10-19,0.0011542642471148229,0.0077149642717853,1,0.0077149642717853,0.0,0.0077149642717853,1.5175211841854013,1.4146309704158309
2021-10-20,0.0011542642471148229,0.0039278048368165,1,0.0039278048368165,0.0,0.0039278048368165,1.5234817112326162,1.4201873647837406
2021-10-21,0.0011542642471148229,0.002608196561296,1,0.002608196561296,0.0,0.002608196561296,1.5274552509930506,1.4238914925849657
2021-10-22,0.0011542642471148229,-0.0010363231181754,1,-0.0010363231181754,0.0,-0.0010363231181754,1.525872313804468,1.4224158809134266
2021-10-25,0.0011542642471148229,0.0053628827730063,1,0.0053628827730063,0.0,0.0053628827730063,1.5340553881499774,1.4300441305372278
2021-10-26,0.0011542642471148229,0.0008999229680111,1,0.0008999229680111,0.0,0.0008999229680111,1.5354359198279748,1.4313310600955678
2021-10-27,0.0011542642471148229,-0.0044300117401612,1,-0.0044300117401612,0.0,-0.0044300117401612,1.5286339206768715,1.424990246695287
2021-10-28,0.001469824394151365,0.00964874884844,1,0.00964874884844,0.0,0.00964874884844,1.5433833254586888,1.4387396196971265
2021-10-29,0.0011731207383107942,0.0020291404572292,1,0.0020291404572292,0.0,0.0020291404572292,1.54651506700539,1.4416590244668726
2021-11-01,0.0011880420102554797,0.0017203277725217,1,0.0017203277725217,0.0,0.0017203277725217,1.5491755798257827,1.4441391505251695
2021-11-02,0.0011872916172216746,0.0040429669615262,1,0.0040429669615262,0.0,0.0040429669615262,1.5554388455126216,1.4499777573985895
2021-11-03,0.001187329354601388,0.0061053741367429,1,0.0061053741367429,0.0,0.0061053741367429,1.5649353816112996,1.4588304140974633
2021-11-04,0.001187327456782827,0.0047124297436962,1,0.0047124297436962,0.0,0.0047124297436962,1.5723100296505674,1.465705049931865
2021-11-05,0.001187327552224411,0.0034696610681919,1,0.0034696610681919,0.0,0.0034696610681919,1.5777654125475737,1.4707905496810658
2021-11-08,0.0011873275474246392,0.0008536336580518,1,0.0008536336580518,0.0,0.0008536336580518,1.5791122462082343,1.4720460659982182
2021-11-09,0.0011873275476660206,-0.0033051984630076,1,-0.0033051984630076,0.0,-0.0033051984630076,1.5738929668391504,1.4671806616034044
2021-11-10,0.0011873275476538814,-0.0080450042852311,1,-0.0080450042852311,0.0,-0.0080450042852311,1.5612309911764342,1.4553771868935967
2021-11-11,0.0011873275476544918,0.0003235550364193,1,0.0003235550364193,0.0,0.0003235550364193,1.5617361353266432,1.455848081512306
2021-11-12,0.001187327547654461,0.007546827569137,1,0.007546827569137,0.0,0.007546827569137,1.573522288648444,1.4668351159503383
2021-11-15,0.0011873275476544625,0.0003425123842959,1,0.0003425123842959,0.0,0.0003425123842959,1.5740612395192717,1.4673375251432714
2021-11-16,0.0011873275476544625,0.0039577780836328,1,0.0039577780836328,0.0,0.0039577780836328,1.580291024595337,1.4731449214415755
2021-11-17,0.0011873275476544625,-0.0024292772900061,1,-0.0024292772900061,0.0,-0.0024292772900061,1.5764520594976872,1.4695662439390296
2021-11-18,0.0011873275476544625,0.0033964171715448,1,0.0033964171715448,0.0,0.0033964171715448,1.5818063483426823,1.4745575039646668
2021-11-19,0.0011873275476544625,-0.0017882573301061,1,-0.0017882573301061,0.0,-0.0017882573301061,1.57897767154545,1.471920615699539
2021-11-22,0.0011873275476544625,-0.0028151037050168,1,-0.0028151037050168,0.0,-0.0028151037050168,1.5745326856521435,1.4677770065207927
2021-11-23,0.0011873275476544625,0.0013259522955419,1,0.0013259522955419,0.0,0.0013259522955419,1.57662044088109,1.4697232088119327
2021-11-24,0.0011873275476544625,0.0026699044187454,1,0.0026699044187454,0.0,0.0026699044187454,1.5808298667628828,1.4736472293014724
2021-11-26,0.0010140455746613347,-0.0223032117884721,1,-0.0223032117884721,0.0,-0.0223032117884721,1.5455722834429282,1.4407801630448667
2021-11-29,0.0011069659864593627,0.0122666848217156,1,0.0122666848217156,0.0,0.0122666848217156,1.564531331513102,1.4584537592023181
2021-11-30,0.0011017516513367992,-0.0194577409429989,1,-0.0194577409429989,0.0,-0.0194577409429989,1.5340890861673149,1.4300755437784165
2021-12-01,0.0011020442597125509,-0.0111070729628051,1,-0.0111070729628051,0.0,-0.0111070729628051,1.5170498467558116,1.4141915903713465
2021-12-02,0.0011020278396590738,0.0153161975680642,1,0.0153161975680642,0.0,0.0153161975680642,1.5402852819293251,1.435851628168569
2021-12-03,0.0011020287610891439,-0.0087012152046312,1,-0.0087012152046312,0.0,-0.0087012152046312,1.526882928214732,1.4233579741499542
2021-12-06,0.0011020287093820422,0.0118433012108423,1,0.0118433012108423,0.0,0.0118433012108423,1.544966262647272,1.4402152313686665
2021-12-07,0.0011020287122836454,0.0206846106283031,1,0.0206846106283031,0.0,0.0206846106283031,1.5769232882239956,1.470005522650479
2021-12-08,0.0011020287121208186,0.002648022193368,1,0.002648022193368,0.0,0.002648022193368,1.5810990160884517,1.473898129898831
2021-12-09,0.0011020287121299558,-0.0067515567108901,1,-0.0067515567108901,0.0,-0.0067515567108901,1.570424136415798,1.4639470230887441
2021-12-10,0.001102028712129443,0.0094136536532989,1,0.0094136536532989,0.0,0.0094136536532989,1.5852075653247975,1.4777281133308795
2021-12-13,0.0011020287121294718,-0.0088584660128318,1,-0.0088584660128318,0.0,-0.0088584660128318,1.571165057984084,1.4646377090627318
2021-12-14,0.0011020287121294703,-0.0068799665469834,1,-0.0068799665469834,0.0,-0.0068799665469834,1.5603554949453642,1.4545610506209299
2021-12-15,0.0011020287121294703,0.0156249749638834,1,0.0156249749638834,0.0,0.0156249749638834,1.5847360104886434,1.477288530620322
2021-12-16,0.0011020287121294703,-0.008818367919768,1,-0.008818367919768,0.0,-0.008818367919768,1.5707612252924492,1.4642612568336586
2021-12-17,0.0011020287121294703,-0.0106429838804721,1,-0.0106429838804721,0.0,-0.0106429838804721,1.554043638891591,1.4486771478803782
2021-12-20,0.0011020287121294703,-0.0106333166342548,1,-0.0106333166342548,0.0,-0.0106333166342548,1.5375190008158073,1.433272905066157
2021-12-21,0.0011020287121294703,0.0177588919599591,1,0.0177588919599591,0.0,0.0177588919599591,1.5648236346376796,1.4587262437363637
2021-12-22,0.0011020287121294703,0.0099987030549482,1,0.0099987030549482,0.0,0.0099987030549482,1.5804698414937866,1.4733116142859437
2021-12-23,0.0011020287121294703,0.0062220318416936,1,0.0062220318416936,0.0,0.0062220318416936,1.5903035751723975,1.482478606062768
2021-12-27,0.0007002381832121388,0.0141523111169379,1,0.0141523111169379,0.0,0.0141523111169379,1.612810046138616,1.5034591045199728
2021-12-28,0.0010903710735183682,-0.0008172241325983,1,-0.0008172241325983,0.0,-0.0008172241325983,1.6114920188476145,1.5022304414573844
2021-12-29,0.0010628069011656203,0.0012791501958286,1,0.0012791501958286,0.0,0.0012791501958286,1.6135533591790998,1.5041520198207545
2021-12-30,0.0010647544006366226,-0.002764481968012,1,-0.002764481968012,0.0,-0.002764481968012,1.609092720013224,1.4999938186848112
2021-12-31,0.001064616803391147,-0.0025201629928335,1,-0.0025201629928335,0.0,-0.0025201629928335,1.6050375440882088,1.4962135897734827
2022-01-03,0.0010646265250892756,0.0057897196733234,1,0.0057897196733234,0.0,0.0057897196733234,1.614330261533639,1.5048762470296881
2022-01-04,0.0010646258382193156,-0.0003347295323429,1,-0.0003347295323429,0.0,-0.0003347295323429,1.6137898975201488,1.504372520507286
2022-01-05,0.0010646258867489382,-0.0192022336246049,1,-0.0192022336246049,0.0,-0.0192022336246049,1.5828015268869395,1.4754852079100693
2022-01-06,0.0010646258833201608,-0.000939443237547,1,-0.000939443237547,0.0,-0.000939443237547,1.5813145746961266,1.4740990733093975
2022-01-07,0.001064625883562415,-0.0039534413555222,1,-0.0039534413555222,0.0,-0.0039534413555222,1.5750629402604328,1.468271309070839
2022-01-10,0.001064625883545299,-0.0012443440319314,1,-0.0012443440319314,0.0,-0.0012443440319314,1.5731030200908034,1.4664442744301407
2022-01-11,0.0010646258835465083,0.009108296205267,1,0.009108296205267,0.0,0.009108296205267,1.5874313083591907,1.4798010832501685
2022-01-12,0.001064625883546423,0.0027032851313566,1,0.0027032851313566,0.0,0.0027032851313566,1.5917225878121282,1.483801407515884
2022-01-13,0.001064625883546429,-0.0137784251940541,1,-0.0137784251940541,0.0,-0.0137784251940541,1.5697911572062724,1.4633569608195942
2022-01-14,0.0010646258835464285,0.0004090418539075,1,0.0004090418539075,0.0,0.0004090418539075,1.5704332674914636,1.4639555350637763
2022-01-18,0.0010646258835464285,-0.0177096626199594,1,-0.0177096626199594,0.0,-0.0177096626199594,1.5426214241570293,1.4380293764471745
2022-01-19,0.0010646258835464285,-0.0103836758209587,1,-0.0103836758209587,0.0,-0.0103836758209587,1.526603343374117,1.4230973455811318
2022-01-20,0.0010646258835464285,-0.011067972157039,1,-0.011067972157039,0.0,-0.011067972157039,1.5097069400748095,1.4073465437834836
2022-01-21,0.0010646258835464285,-0.0196305113451733,1,-0.0196305113451733,0.0,-0.0196305113451733,1.480070620859784,1.3797196114891515
2022-01-24,0.0010646258835464285,0.0042467170604745,1,0.0042467170604745,0.0,0.0042467170604745,1.4863560620160965,1.3855788903019337
2022-01-25,0.0004369800950974655,-0.0122090031561743,1,-0.0122090031561743,0.0,-0.0122090031561743,1.468209136163743,1.368662353257109
2022-01-26,0.000565444074661689,-0.0025088519843963,1,-0.0025088519843963,0.0,-0.0025088519843963,1.4645256167589698,1.3652285819961714
2022-01-27,0.0005611122811033785,-0.0049378409211523,1,-0.0049378409211523,0.0,-0.0049378409211523,1.4572940222384614,1.358487300437264
2022-01-28,0.0005612583487831708,0.0248352175909529,1,0.0248352175909529,0.0,0.0248352175909529,1.4934862363747485,1.3922256281381697
2022-01-31,0.0005612534233944622,0.0180112844289974,1,0.0180112844289974,0.0,0.0180112844289974,1.5203858417688871,1.4173013999159059
2022-02-01,0.0005612535894781158,0.0067569113452277,1,0.0067569113452277,0.0,0.0067569113452277,1.5306589541122588,1.4268779798246047
2022-02-02,0.0005612535838777902,0.0097139607390743,1,0.0097139607390743,0.0,0.0097139607390743,1.545527715097418,1.4407386165000706
2022-02-03,0.0005612535840666327,-0.0235048080733967,1,-0.0235048080733967,0.0,-0.0235048080733967,1.5092003827819378,1.4068743318353054
2022-02-04,0.0005612535840602649,0.0047021432158891,1,0.0047021432158891,0.0,0.0047021432158891,1.516296859123253,1.4134896564303534
2022-02-07,0.0005612535840604796,-0.0032094167361103,1,-0.0032094167361103,0.0,-0.0032094167361103,1.5114304306066715,1.408953179070687
2022-02-08,0.0005612535840604724,0.0082279549810331,1,0.0082279549810331,0.0,0.0082279549810331,1.5238664121466667,1.420545982398464
2022-02-09,0.0005612535840604726,0.0146360685281619,1,0.0146360685281619,0.0,0.0146360685281619,1.5461698253826095,1.4413371907442531
2022-02-10,0.0005612535840604726,-0.0179655680451391,1,-0.0179655680451391,0.0,-0.0179655680451391,1.5183920061753575,1.4154427493679478
2022-02-11,0.0005612535840604726,-0.0197188247097376,1,-0.0197188247097376,0.0,-0.0197188247097376,1.4884511003649188,1.3875318819064921
2022-02-14,0.0005612535840604726,-0.0032692390133229,1,-0.0032692390133229,0.0,-0.0032692390133229,1.4835849979581823,1.3829957085459341
2022-02-15,0.0005612535840604726,0.0161268766819284,1,0.0161268766819284,0.0,0.0161268766819284,1.507510590267413,1.4052991097892906
2022-02-16,0.0005612535840604726,0.0011209158499014,1,0.0011209158499014,0.0,0.0011209158499014,1.5092003827819382,1.4068743318353059
2022-02-17,0.0005612535840604726,-0.0213615723624641,1,-0.0213615723624641,0.0,-0.0213615723624641,1.4769614895956835,1.3768212839909126
2022-02-18,0.0005612535840604726,-0.0064750426360549,1,-0.0064750426360549,0.0,-0.0064750426360549,1.4673981009787402,1.3679063074748437
2022-02-22,0.0005612535840604726,-0.0107315924043909,1,-0.0107315924043909,0.0,-0.0107315924043909,1.451650582664059,1.3532264945356283
2022-02-23,-0.0002374207066653776,-0.0177388498401407,0,-0.0,1.0,-0.0005,1.450924757372727,1.3292218129493607
2022-02-24,-0.00010093960005382117,0.0150492946026712,0,0.0,0.0,0.0,1.450924757372727,1.3492256636047324
2022-02-25,-9.916460599059728e-05,0.0220639251189243,0,0.0,0.0,0.0,1.450924757372727,1.3789948776150383
2022-02-28,-9.914152144796203e-05,-0.002558540069906,0,-0.0,0.0,-0.0,1.450924757372727,1.375466663964465
2022-03-01,-9.914122122379806e-05,-0.0152303082042923,0,-0.0,0.0,-0.0,1.450924757372727,1.3545178827475566
2022-03-02,-9.914121731925682e-05,0.0183962854170931,0,0.0,0.0,0.0,1.450924757372727,1.3794359803211373
2022-03-03,-9.914121726847663e-05,-0.0049785148566855,0,-0.0,0.0,-0.0,1.450924757372727,1.372568437799262
2022-03-04,-9.914121726781621e-05,-0.0081244740265555,0,-0.0,0.0,-0.0,1.450924757372727,1.361417041176692
2022-03-07,-9.914121726780762e-05,-0.0294791782346448,0,-0.0,0.0,-0.0,1.450924757372727,1.3212835855681615
2022-03-08,-9.914121726780751e-05,-0.007581780871432,0,-0.0,0.0,-0.0,1.450924757372727,1.3112659029533638
2022-03-09,-9.914121726780751e-05,0.026810869910284,0,0.0,0.0,0.0,1.450924757372727,1.3464220824952375
2022-03-10,-9.914121726780751e-05,-0.0045155831231482,0,-0.0,0.0,-0.0,1.450924757372727,1.340342201662888
2022-03-11,-9.914121726780751e-05,-0.0127150320176002,0,-0.0,0.0,-0.0,1.450924757372727,1.3232997076542037
2022-03-14,-9.914121726780751e-05,-0.0073083395812991,0,-0.0,0.0,-0.0,1.450924757372727,1.313628584022833
2022-03-15,-9.914121726780751e-05,0.0219904720014181,0,0.0,0.0,0.0,1.450924757372727,1.3425158966200497
2022-03-16,-9.914121726780751e-05,0.022174123041833,0,0.0,0.0,0.0,1.450924757372727,1.3722850092973196
2022-03-17,-9.914121726780751e-05,0.0125109970030259,0,0.0,0.0,0.0,1.450924757372727,1.3894536629359358
2022-03-18,-9.914121726780751e-05,0.0109527198343843,0,0.0,0.0,0.0,1.450924757372727,1.4046719596289323
2022-03-21,-9.914121726780751e-05,-0.0002922391426594,0,-0.0,0.0,-0.0,1.450924757372727,1.4042614594997327
2022-03-22,-9.914121726780751e-05,0.0117012813788888,0,0.0,0.0,0.0,1.450924757372727,1.420693117966868
2022-03-23,0.0015305001911631866,-0.0128783521928862,1,-0.0128783521928862,1.0,-0.0133783521928862,1.4315137749632167,1.402396931635681
2022-03-24,0.00073284799191743,0.0150741891821979,1,0.0150741891821979,0.0,0.0150741891821979,1.4530926844239347,1.4235369282916912
2022-03-25,0.0006702914370945385,0.0048837198873044,1,0.0048837198873044,0.0,0.0048837198873044,1.4601891820649524,1.4304890838987017
2022-03-28,0.000665385385866936,0.0071129887912977,1,0.0071129887912977,0.0,0.0071129887912977,1.4705754913501545,1.4406641367185469
2022-03-29,0.0006650006246102458,0.0123708581807204,1,0.0123708581807204,0.0,0.0123708581807204,1.4887677721976906,1.4584863884399422
2022-03-30,0.000664970449380151,-0.006174876676162,1,-0.006174876676162,0.0,-0.006174876676162,1.4795748148049255,1.4494804148574647
2022-03-31,0.0006649680828619648,-0.0153913643791563,1,-0.0153913643791563,0.0,-0.0153913643791563,1.45680213970404,1.4271709336319427
2022-04-01,0.0006649678972657553,0.0028340740693406,1,0.0028340740693406,0.0,0.0028340740693406,1.4609308248723352,1.4312156417674657
2022-04-04,0.0006649678827102141,0.0085667677720286,1,0.0085667677720286,0.0,0.0085667677720286,1.4734462799800148,1.4434765338021827
2022-04-05,0.0006649678815686833,-0.0126313489847156,1,-0.0126313489847156,0.0,-0.0126313489847156,1.454834665807356,1.4252434779524796
2022-04-06,0.0006649678814791578,-0.0099993288277578,1,-0.0099993288277578,0.0,-0.0099993288277578,1.4402872955939272,1.4109919997568157
2022-04-07,0.0006649678814721367,0.0050388874014815,1,0.0050388874014815,0.0,0.0050388874014815,1.4475447411022093,1.4181018295679815
2022-04-08,0.0006649678814715861,-0.0026738424550216,1,-0.0026738424550216,0.0,-0.0026738424550216,1.443674234517907,1.414310048690539
2022-04-11,0.0006649678814715429,-0.0170923679563185,1,-0.0170923679563185,0.0,-0.0170923679563185,1.4189984232924704,1.3901361409340014
2022-04-12,0.0006649678814715396,-0.0037052914501006,1,-0.0037052914501006,0.0,-0.0037052914501006,1.4137406205669387,1.3849852813765229
2022-04-13,0.0006649678814715393,0.0114536813841845,1,0.0114536813841845,0.0,0.0114536813841845,1.4299331551947918,1.4008484615111947
2022-04-14,0.0006649678814715393,-0.0124517124061329,1,-0.0124517124061329,0.0,-0.0124517124061329,1.4121280387863122,1.3834054993438836
2022-04-18,0.0006649678814715393,0.0004111465017606,1,0.0004111465017606,0.0,0.0004111465017606,1.4127086302894973,1.3839742816754552
2022-04-19,0.0006649678814715393,0.0161426379778528,1,0.0161426379778528,0.0,0.0161426379778528,1.435513474276449,1.406315277475201
2022-04-20,0.0006649678814715393,-0.0007415252405363,1,-0.0007415252405363,0.0,-0.0007415252405363,1.4344490048021432,1.4052724592008015
2022-04-21,0.0002924808293722802,-0.0149536399304838,1,-0.0149536399304838,0.0,-0.0149536399304838,1.412998770885691,1.384258520841687
2022-04-22,0.00035451197602888375,-0.027438994483798,1,-0.027438994483798,0.0,-0.027438994483798,1.3742275054057451,1.3462758589241617
2022-04-25,0.0003582332918581741,0.0057976060798201,1,0.0057976060798201,0.0,0.0057976060798201,1.3821947351461417,1.3540810360289754
2022-04-26,0.00035845653763465457,-0.0289609547664873,1,-0.0289609547664873,0.0,-0.0289609547664873,1.3421650559430973,1.314865556394382
2022-04-27,0.0003584699303911425,0.0028117976045194,1,0.0028117976045194,0.0,0.0028117976045194,1.3459389524322678,1.3185626922161169
2022-04-28,0.00035847073383714345,0.0252595070614662,1,0.0252595070614662,0.0,0.0252595070614662,1.3799367069055333,1.351868935851136
2022-04-29,0.0003584707820367413,-0.0369557384307792,1,-0.0369557384307792,0.0,-0.0369557384307792,1.3289401269141017,1.3019096210651258
2022-05-02,0.0003584707849282875,0.0060195379297516,1,0.0060195379297516,0.0,0.0060195379297516,1.33693973241443,1.309746515410236
2022-05-03,0.0003584707851017545,0.0045839249439543,1,0.0045839249439543,0.0,0.0045839249439543,1.3430681638024082,1.3157502951324822
2022-05-04,0.000358470785112161,0.0304530446344295,1,0.0304530446344295,0.0,0.0304530446344295,1.3839686785417642,1.3558188975979155
2022-05-05,0.0003584707851127853,-0.0355429750943789,1,-0.0355429750943789,0.0,-0.0355429750943789,1.3347783142689538,1.3076290602881047
2022-05-06,0.00035847078511282274,-0.0059687210560968,1,-0.0059687210560968,0.0,-0.0059687210560968,1.3268113948393552,1.299824187182399
2022-05-09,0.00035847078511282496,-0.0320173848642538,1,-0.0320173848642538,0.0,-0.0320173848642538,1.2843303637685062,1.2582072159255142
2022-05-10,0.00035847078511282507,0.0023105442693243,1,0.0023105442693243,0.0,0.0023105442693243,1.2872978659304306,1.2611143593978935
2022-05-11,0.00035847078511282507,-0.0158862293097667,1,-0.0158862293097667,0.0,-0.0158862293097667,1.2668475568422866,1.241080007498659
2022-05-12,0.00035847078511282507,-0.001043801790009,1,-0.001043801790009,0.0,-0.001043801790009,1.265525219094786,1.2397845659652875
2022-05-13,0.00035847078511282507,0.0239077996840475,1,0.0239077996840475,0.0,0.0239077996840475,1.2957811425280146,1.2694250870197594
2022-05-16,0.00035847078511282507,-0.0040574721140093,1,-0.0040574721140093,0.0,-0.0040574721140093,1.290523546676348,1.2642744301283528
2022-05-17,0.00035847078511282507,0.0205703090203133,1,0.0205703090203133,0.0,0.0205703090203133,1.3170700148294712,1.2902809458425735
2022-05-18,0.00035847078511282507,-0.0403116356907715,1,-0.0403116356907715,0.0,-0.0403116356907715,1.2639767682124265,1.2382676104150236
2022-05-19,0.0007263243500519045,-0.0061245773451604,1,-0.0061245773451604,0.0,-0.0061245773451604,1.2562354447330237,1.23068374466103
2022-05-20,-0.0013337106861911253,0.0004365603752212,0,0.0,1.0,-0.0005,1.2556073270106574,1.2312210124183778
2022-05-23,-0.0012303004692522895,0.0187100784733276,0,0.0,0.0,0.0,1.2556073270106574,1.2542572541787356
2022-05-24,-0.0012354914843463044,-0.0076338054909786,0,-0.0,0.0,-0.0,1.2556073270106574,1.2446824982646862
2022-05-25,-0.0012352309043136543,0.0088349125915985,0,0.0,0.0,0.0,1.2556073270106574,1.2556791593411472
2022-05-26,-0.00123524398498327,0.0199814277518646,0,0.0,0.0,0.0,1.2556073270106574,1.2807694217430443
2022-05-27,-0.0012352433283561455,0.024549162847137,0,0.0,0.0,0.0,1.2556073270106574,1.312211238847048
2022-05-31,-0.0012352433613176982,-0.0056110313525064,0,-0.0,0.0,-0.0,1.2556073270106574,1.304848380444766
2022-06-01,-0.001235243359663085,-0.008088558434913,0,-0.0,0.0,-0.0,1.2556073270106574,1.294294038070837
2022-06-02,-0.0012352433597461437,0.0190434643452945,0,0.0,0.0,0.0,1.2556073270106574,1.3189418804371662
2022-06-03,-0.0012352433597419743,-0.0164115276747415,0,-0.0,0.0,-0.0,1.2556073270106574,1.297296029264996
2022-06-06,-0.0012352433597421835,0.003044843266847,0,0.0,0.0,0.0,1.2556073270106574,1.301246092344811
2022-06-07,-0.0012352433597421731,0.0095921886926866,0,0.0,0.0,0.0,1.2556073270106574,1.3137278903982037
2022-06-08,-0.0012352433597421736,-0.0108721860952459,0,-0.0,0.0,-0.0,1.2556073270106574,1.2994447962952798
2022-06-09,-0.0012352433597421736,-0.0237828874568312,0,-0.0,0.0,-0.0,1.2556073270106574,1.2685402469486242
2022-06-10,-0.0012352433597421736,-0.0289954264583546,0,-0.0,0.0,-0.0,1.2556073270106574,1.2317583815087623
2022-06-13,-0.0012352433597421736,-0.0379683479458676,0,-0.0,0.0,-0.0,1.2556073270106574,1.184990550694399
2022-06-14,-0.0012352433597421736,-0.003013420534598,0,-0.0,0.0,-0.0,1.2556073270106574,1.181419675835632
2022-06-15,-0.0012352433597421736,0.0142565504918568,0,0.0,0.0,0.0,1.2556073270106574,1.1982626450962557
2022-06-16,-0.0012352433597421736,-0.0330961662140237,0,-0.0,0.0,-0.0,1.2556073270106574,1.1586047454260944
2022-06-17,-0.0020707475002036783,0.0021559201699057,0,0.0,0.0,0.0,1.2556073270106574,1.161102604765707
2022-06-21,-0.001958096505696327,0.025173317852247,0,0.0,0.0,0.0,1.2556073270106574,1.190331409694546
2022-06-22,-0.0019576874782894597,-0.0018129306838348,0,-0.0,0.0,-0.0,1.2556073270106574,1.1881734213579784
2022-06-23,-0.0019576859931412787,0.009802625575352,0,0.0,0.0,0.0,1.2556073270106574,1.1998206405261358
2022-06-24,-0.0019576859877488157,0.0317938544150224,0,0.0,0.0,0.0,1.2556073270106574,1.2379675632951628
2022-06-27,-0.001957685987729236,-0.0038197334642129,0,-0.0,0.0,-0.0,1.2556073270106574,1.233238857166034
2022-06-28,-0.0019576859877291648,-0.0204328522986887,0,-0.0,0.0,-0.0,1.2556073270106574,1.2080402697485566
2022-06-29,-0.0019576859877291643,-0.0008144958451065,0,-0.0,0.0,-0.0,1.2556073270106574,1.207056325968125
2022-06-30,-0.0019576859877291643,-0.008124062115008,0,-0.0,0.0,-0.0,1.2556073270106574,1.1972501253996466
2022-07-01,-0.0019576859877291643,0.0105763832645662,0,0.0,0.0,0.0,1.2556073270106574,1.2099127015894233
2022-07-05,-0.0019576859877291643,0.0018886993200899,0,0.0,0.0,0.0,1.2556073270106574,1.2121978628862835
2022-07-06,-0.0019576859877291643,0.0033773001226999,0,0.0,0.0,0.0,1.2556073270106574,1.216291818877346
2022-07-07,-0.0019576859877291643,0.0149770284968275,0,0.0,0.0,0.0,1.2556073270106574,1.2345082561091303
2022-07-08,-0.0019576859877291643,-0.0008224789235671,0,-0.0,0.0,-0.0,1.2556073270106574,1.233492899087511
2022-07-11,-0.0019576859877291643,-0.011423547994387,0,-0.0,0.0,-0.0,1.2556073270106574,1.2194020337540492
2022-07-12,-0.0019576859877291643,-0.0088492162948967,0,-0.0,0.0,-0.0,1.2556073270106574,1.2086112814069228
2022-07-13,-0.0019576859877291643,-0.0052514773055021,0,-0.0,0.0,-0.0,1.2556073270106574,1.2022642866914404
2022-07-14,-0.0019576859877291643,-0.0024285925600647,0,-0.0,0.0,-0.0,1.2556073270106574,1.19934447658955
2022-07-15,-0.0019576859877291643,0.0191052961847284,0,0.0,0.0,0.0,1.2556073270106574,1.2222583080423115
2022-07-18,-0.0019576859877291643,-0.0082569799934421,0,-0.0,0.0,-0.0,1.2556073270106574,1.2121661456459878
2022-07-19,-0.00048034888604808756,0.0270191079384136,0,0.0,0.0,0.0,1.2556073270106574,1.2449177935744875
2022-07-20,-0.0003539712208862734,0.0063730885963992,0,0.0,0.0,0.0,1.2556073270106574,1.2528517649681716
2022-07-21,-0.0003519174634132507,0.0101832743502048,0,0.0,0.0,0.0,1.2556073270106574,1.265609898210981
2022-07-22,-0.00035188408789746953,-0.0092781134523998,0,-0.0,0.0,-0.0,1.2556073270106574,1.2538674259888993
2022-07-25,-0.0003518835455135375,0.0012149935734808,0,0.0,0.0,0.0,1.2556073270106574,1.2553908668534728
2022-07-26,-0.0003518835366992818,-0.0118308835055512,0,-0.0,0.0,-0.0,1.2556073270106574,1.2405384837537965
2022-07-27,-0.0003518835365560417,0.0259662648649849,0,0.0,0.0,0.0,1.2556073270106574,1.2727506345981545
2022-07-28,-0.00035188353655371394,0.0125423604124688,0,0.0,0.0,0.0,1.2556073270106574,1.288713931772483
2022-07-29,-0.0003518835365536761,0.0145787624073046,0,0.0,0.0,0.0,1.2556073270106574,1.3075017859947773
2022-08-01,-0.0003518835365536755,-0.0029614781536347,0,-0.0,0.0,-0.0,1.2556073270106574,1.3036296480197154
2022-08-02,-0.0003518835365536755,-0.0065972244893898,0,-0.0,0.0,-0.0,1.2556073270106574,1.2950293105807051
2022-08-03,-0.0003518835365536755,0.0156595512401787,0,0.0,0.0,0.0,1.2556073270106574,1.315308888427277
2022-08-04,-0.0003518835365536755,-0.0006754206066843,0,-0.0,0.0,-0.0,1.2556073270106574,1.3144205016998782
2022-08-05,-0.0003518835365536755,-0.0016902709699024,0,-0.0,0.0,-0.0,1.2556073270106574,1.3121987748836104
2022-08-08,-0.0003518835365536755,-0.0011609833004977,0,-0.0,0.0,-0.0,1.2556073270106574,1.310675334019037
2022-08-09,-0.0003518835365536755,-0.0039710587340638,0,-0.0,0.0,-0.0,1.2556073270106574,1.3054705652863587
2022-08-10,-0.0003518835365536755,0.0210039283640395,0,0.0,0.0,0.0,1.2556073270106574,1.3328905755209957
2022-08-11,-0.0003518835365536755,0.0,0,0.0,0.0,0.0,1.2556073270106574,1.3328905755209957
2022-08-12,-0.0003518835365536755,0.0169289479262046,0,0.0,0.0,0.0,1.2556073270106574,1.3554550106653196
2022-08-15,-0.0003518835365536755,0.0041209637386889,0,0.0,0.0,0.0,1.2556073270106574,1.3610407916136957
2022-08-16,5.8138825934371356e-05,0.0019587736553616,1,0.0019587736553616,1.0,0.0014587736553616,1.2574389739007794,1.3637067624601813
2022-08-17,-1.2496662884576722e-05,-0.0070980330030334,0,-0.0,1.0,-0.0005,1.256810254413829,1.3540271268537791
2022-08-18,-1.3724717843339153e-05,0.0029064187205216,0,0.0,0.0,0.0,1.256810254413829,1.3579624966433612
2022-08-19,-1.374606856953865e-05,-0.0134378928116104,0,-0.0,0.0,-0.0,1.256810254413829,1.3397143421712807
2022-08-22,-1.3746439769138467e-05,-0.020822706223417,0,-0.0,0.0,-0.0,1.256810254413829,1.31181786400095
2022-08-23,-1.3746446222742977e-05,-0.0024191986641957,0,-0.0,0.0,-0.0,1.256810254413829,1.3086443159766907
2022-08-24,-1.3746446334944099e-05,0.0032011048845035,0,0.0,0.0,0.0,1.256810254413829,1.3128334236886414
2022-08-25,-1.3746446336894805e-05,0.0141177222475694,0,0.0,0.0,0.0,1.256810254413829,1.3313676413216033
2022-08-26,-1.374644633692872e-05,-0.033849283805234,0,-0.0,0.0,-0.0,1.256810254413829,1.2863018001814035
2022-08-29,-1.374644633692931e-05,-0.0066122017787416,0,-0.0,0.0,-0.0,1.256810254413829,1.2777965131302456
2022-08-30,-1.374644633692932e-05,-0.0109776697953531,0,-0.0,0.0,-0.0,1.256810254413829,1.263769284943448
2022-08-31,-1.374644633692932e-05,-0.0076090627516749,0,-0.0,0.0,-0.0,1.256810254413829,1.254153185150674
2022-09-01,-1.374644633692932e-05,0.003137950905212,0,0.0,0.0,0.0,1.256810254413829,1.258088656273292
2022-09-02,-1.374644633692932e-05,-0.0105444978146066,0,-0.0,0.0,-0.0,1.256810254413829,1.244822743186637
2022-09-06,-1.374644633692932e-05,-0.0037732190502952,0,-0.0,0.0,-0.0,1.256810254413829,1.2401257542978046
2022-09-07,-1.374644633692932e-05,0.017965015702168,0,0.0,0.0,0.0,1.256810254413829,1.2624046329464276
2022-09-08,-1.374644633692932e-05,0.0065362137046809,0,0.0,0.0,0.0,1.256810254413829,1.2706559794091448
2022-09-09,-1.374644633692932e-05,0.0155351071282887,0,0.0,0.0,0.0,1.256810254413829,1.2903957561724666
2022-09-12,-1.374644633692932e-05,0.0107477450890931,0,0.0,0.0,0.0,1.256810254413829,1.3042646008238559
2022-09-13,-1.374644633692932e-05,-0.0434823212056184,0,-0.0,0.0,-0.0,1.256810254413829,1.2475521485137153
2022-09-14,-0.0009939600704542487,0.0038156486757077,0,0.0,0.0,0.0,1.256810254413829,1.252312369217068
2022-09-15,-0.00036888491247268073,-0.0113532661476235,0,-0.0,0.0,-0.0,1.256810254413829,1.2380945335893856
2022-09-16,-0.0003596890069897009,-0.0076288619630229,0,-0.0,0.0,-0.0,1.256810254413829,1.228649281295459
2022-09-19,-0.0003595537197741204,0.0077548911064073,0,0.0,0.0,0.0,1.256810254413829,1.238177322679871
2022-09-20,-0.0003595517294719437,-0.0114785376185121,0,-0.0,0.0,-0.0,1.256810254413829,1.2239648577031013
2022-09-21,-0.00035955170019125567,-0.0174436914896681,0,-0.0,0.0,-0.0,1.256810254413829,1.202614392331133
2022-09-22,-0.00035955169976048757,-0.0083998570939859,0,-0.0,0.0,-0.0,1.256810254413829,1.1925126032963806
2022-09-23,-0.00035955169975415024,-0.0167548261844516,0,-0.0,0.0,-0.0,1.256810254413829,1.172532261905382
2022-09-26,-0.000359551699754057,-0.0098926841375858,0,-0.0,0.0,-0.0,1.256810254413829,1.160932770597223
2022-09-27,-0.00035955169975405564,-0.0025527627857008,0,-0.0,0.0,-0.0,1.256810254413829,1.1579691846237419
2022-09-28,-0.00035955169975405564,0.0196763714736936,0,0.0,0.0,0.0,1.256810254413829,1.1807538164554887
2022-09-29,-0.00035955169975405564,-0.0208889987392949,0,-0.0,0.0,-0.0,1.256810254413829,1.1560890514721323
2022-09-30,-0.00035955169975405564,-0.0154635800219953,0,-0.0,0.0,-0.0,1.256810254413829,1.1382117759121402
2022-10-03,-0.00035955169975405564,0.0264014253071431,0,0.0,0.0,0.0,1.256810254413829,1.1682621890975953
2022-10-04,-0.00035955169975405564,0.0309863780155967,0,0.0,0.0,0.0,1.256810254413829,1.204462402910302
2022-10-05,-0.00035955169975405564,-0.002328166575342,0,-0.0,0.0,-0.0,1.256810254413829,1.2016582138025902
2022-10-06,-0.00035955169975405564,-0.0103157194195827,0,-0.0,0.0,-0.0,1.256810254413829,1.189262244830766
2022-10-07,-0.00035955169975405564,-0.0278939262579162,0,-0.0,0.0,-0.0,1.256810254413829,1.1560890514721327
2022-10-10,-0.00035955169975405564,-0.007635241791714,0,-0.0,0.0,-0.0,1.256810254413829,1.1472620320313895
2022-10-11,-0.00035955169975405564,-0.0063330606416104,0,-0.0,0.0,-0.0,1.256810254413829,1.1399963520107175
2022-10-12,-0.0008353056701153614,-0.0032984897684861,0,-0.0,0.0,-0.0,1.256810254413829,1.1362360857074987
2022-10-13,-0.0006280767967299799,0.0263912360141975,0,0.0,0.0,0.0,1.256810254413829,1.1662227604132533
2022-10-14,-0.0006202656435979777,-0.0227888875749198,0,-0.0,0.0,-0.0,1.256810254413829,1.139645841038883
2022-10-17,-0.00061997121496815,0.0256969744822805,0,0.0,0.0,0.0,1.256810254413829,1.1689312911348964
2022-10-18,-0.0006199601169629519,0.0117496883544245,0,0.0,0.0,0.0,1.256810254413829,1.1826658695134666
2022-10-19,-0.0006199596986418143,-0.0070866626813167,0,-0.0,0.0,-0.0,1.256810254413829,1.1742847154315186
2022-10-20,-0.0006199596828738839,-0.008385130954569,0,-0.0,0.0,-0.0,1.256810254413829,1.1644381843146765
2022-10-21,-0.0006199596822795376,0.0243013784461152,0,0.0,0.0,0.0,1.256810254413829,1.1927356373088147
2022-10-24,-0.0006199596822571347,0.0122365734128138,0,0.0,0.0,0.0,1.256810254413829,1.2073306344968233
2022-10-25,-0.0006199596822562902,0.0159685498706532,0,0.0,0.0,0.0,1.256810254413829,1.2266099539441533
2022-10-26,-0.0006199596822562583,-0.0075342392760389,0,-0.0,0.0,-0.0,1.256810254413829,1.217368381052767
2022-10-27,-0.0006199596822562571,-0.0053398086941741,0,-0.0,0.0,-0.0,1.256810254413829,1.2108678667876087
2022-10-28,-0.0006199596822562571,0.0237905887907741,0,0.0,0.0,0.0,1.256810254413829,1.2396751262863146
2022-10-31,-0.0006199596822562571,-0.0072234240054825,0,-0.0,0.0,-0.0,1.256810254413829,1.2307204272200984
2022-11-01,-0.0006199596822562571,-0.0043756833403003,0,-0.0,0.0,-0.0,1.256810254413829,1.2253351843501443
2022-11-02,-0.0006199596822562571,-0.0250961800948862,0,-0.0,0.0,-0.0,1.256810254413829,1.1945839518870924
2022-11-03,-0.0006199596822562571,-0.0102969014713422,0,-0.0,0.0,-0.0,1.256810254413829,1.1822834386352645
2022-11-04,-0.0006199596822562571,0.0143931267760635,0,0.0,0.0,0.0,1.256810254413829,1.1993001940527823
2022-11-07,-0.0006199596822562571,0.0095656748316086,0,0.0,0.0,0.0,1.256810254413829,1.2107723097345764
2022-11-08,-0.0006199596822562571,0.0053952622792956,0,0.0,0.0,0.0,1.256810254413829,1.217304743906103
2022-11-09,-0.0005447981266455846,-0.0206019173870513,0,-0.0,0.0,-0.0,1.256810254413829,1.192225932137284
2022-11-10,-0.0006442311228882494,0.0549539149551967,0,0.0,0.0,0.0,1.256810254413829,1.2577434146193363
2022-11-11,-0.0006458955707332419,0.0096787151894726,0,0.0,0.0,0.0,1.256810254413829,1.2699167549108716
2022-11-14,-0.0006459234325772312,-0.0085068675586154,0,-0.0,0.0,-0.0,1.256810254413829,1.2591137412663782
2022-11-15,-0.0006459238989675436,0.0085291530699647,0,0.0,0.0,0.0,1.256810254413829,1.269852915098135
2022-11-16,-0.0006459239067746336,-0.0076288674601883,0,-0.0,0.0,-0.0,1.256810254413829,1.2601653755149176
2022-11-17,-0.0006459239069053196,-0.0030599364950398,0,-0.0,0.0,-0.0,1.256810254413829,1.256309349492594
2022-11-18,-0.0006459239069075072,0.0045405541261831,0,0.0,0.0,0.0,1.256810254413829,1.262013690093195
2022-11-21,-0.0006459239069075438,-0.0036361464026479,0,-0.0,0.0,-0.0,1.256810254413829,1.2574248235538703
2022-11-22,-0.0006459239069075445,0.0134567840942991,0,0.0,0.0,0.0,1.256810254413829,1.274345717919247
2022-11-23,-0.0006459239069075445,0.0063018569688155,0,0.0,0.0,0.0,1.256810254413829,1.2823764623623968
2022-11-25,-0.0006459239069075445,-0.000223783862718,0,-0.0,0.0,-0.0,1.256810254413829,1.2820894872041906
2022-11-28,-0.0006459239069075445,-0.0159570213517989,0,-0.0,0.0,-0.0,1.256810254413829,1.2616311578819563
2022-11-29,-0.0006459239069075445,-0.0017174625857727,0,-0.0,0.0,-0.0,1.256810254413829,1.259464353571249
2022-11-30,-0.0006459239069075445,0.0315006218138427,0,0.0,0.0,0.0,1.256810254413829,1.2991382638611129
2022-12-01,-0.0006459239069075445,-0.0007359318265828,0,-0.0,0.0,-0.0,1.256810254413829,1.2981821866656058
2022-12-02,-0.0006459239069075445,-0.0011535357846658,0,-0.0,0.0,-0.0,1.256810254413829,1.2966846870582713
2022-12-05,-0.0006459239069075445,-0.0179893075074701,0,-0.0,0.0,-0.0,1.256810254413829,1.2733582274825526
2022-12-06,-0.0006459239069075445,-0.0144148465805384,0,-0.0,0.0,-0.0,1.256810254413829,1.2550029639913254
2022-12-07,-0.0006459239069075445,-0.0017011798367274,0,-0.0,0.0,-0.0,1.256810254413829,1.2528679782539502
2022-12-08,-0.0005353822432810763,0.0078340389514119,0,0.0,0.0,0.0,1.256810254413829,1.2626829947965685
2022-12-09,-0.0005197162050746066,-0.0074702721928516,0,-0.0,0.0,-0.0,1.256810254413829,1.2532504091321532
2022-12-12,-0.0005195056841793275,0.014417141380016,0,0.0,0.0,0.0,1.256810254413829,1.2713186974651745
2022-12-13,-0.0005195028551904814,0.0075697765293885,0,0.0,0.0,0.0,1.256810254413829,1.280942295902619
2022-12-14,-0.0005195028171744076,-0.0063933663029931,0,-0.0,0.0,-0.0,1.256810254413829,1.2727527625919166
2022-12-15,-0.000519502816663546,-0.0244616741415293,0,-0.0,0.0,-0.0,1.256810254413829,1.241619099250662
2022-12-16,-0.000519502816656681,-0.0118061454407037,0,-0.0,0.0,-0.0,1.256810254413829,1.2269603635829531
2022-12-19,-0.0005195028166565887,-0.008479792656165,0,-0.0,0.0,-0.0,1.256810254413829,1.2165559941024369
2022-12-20,-0.0005195028166565875,0.0013682870265865,0,0.0,0.0,0.0,1.256810254413829,1.2182205918862834
2022-12-21,-0.0005195028166565875,0.0149525671752559,0,0.0,0.0,0.0,1.256810254413829,1.2364361171207432
2022-12-22,-0.0005195028166565875,-0.0142662814091273,0,-0.0,0.0,-0.0,1.256810254413829,1.2187967715294898
2022-12-23,-0.0005195028166565875,0.0057525024661955,0,0.0,0.0,0.0,1.256810254413829,1.2258079029635043
2022-12-27,-0.0005195028166565875,-0.0039435144299032,0,-0.0,0.0,-0.0,1.256810254413829,1.2209739118098784
2022-12-28,-0.0005195028166565875,-0.0124278785504667,0,-0.0,0.0,-0.0,1.256810254413829,1.205799796320617
2022-12-29,-0.0005195028166565875,0.0180004411996428,0,0.0,0.0,0.0,1.256810254413829,1.2275047246528277
2022-12-30,-0.0005195028166565875,-0.00263423603729,0,-0.0,0.0,-0.0,1.256810254413829,1.2242711874712036
2023-01-03,-0.0005195028166565875,-0.0042098523058795,0,-0.0,0.0,-0.0,1.256810254413829,1.2191171865896062
2023-01-04,-0.0005195028166565875,0.0077201036639551,0,0.0,0.0,0.0,1.256810254413829,1.2285288976485873
2023-01-05,-0.0005195028166565875,-0.0114133700042792,0,-0.0,0.0,-0.0,1.256810254413829,1.2145072427787746
2023-01-06,-0.0005195028166565875,0.0229321675945808,0,0.0,0.0,0.0,1.256810254413829,1.2423585264150099
2023-01-09,-0.00045000256967177993,-0.0005669586668289,0,-0.0,0.0,-0.0,1.256810254413829,1.2416541604811502
2023-01-10,-0.0005647095588755494,0.0070128608016093,0,0.0,0.0,0.0,1.256810254413829,1.2503617082723435
2023-01-11,-0.0005652722822361171,0.0126478912779277,0,0.0,0.0,0.0,1.256810254413829,1.2661761472166562
2023-01-12,-0.0005652750428140271,0.0036408392473394,0,0.0,0.0,0.0,1.256810254413829,1.2707860910274877
2023-01-13,-0.0005652750563567213,0.0038793721780359,0,0.0,0.0,0.0,1.256810254413829,1.2757159432332548
2023-01-17,-0.0005652750564231583,-0.0018317879914108,0,-0.0,0.0,-0.0,1.256810254413829,1.2733791020879888
2023-01-18,-0.0005652750564234842,-0.015788127558534,0,-0.0,0.0,-0.0,1.256810254413829,1.2532748303938521
2023-01-19,-0.0005652750564234858,-0.0072796631273912,0,-0.0,0.0,-0.0,1.256810254413829,1.2441514118225465
2023-01-20,-0.0005652750564234858,0.0186289191117072,0,0.0,0.0,0.0,1.256810254413829,1.2673286078361052
2023-01-23,-0.0005652750564234858,0.011998574509124,0,0.0,0.0,0.0,1.256810254413829,1.2825347445647712
2023-01-24,-0.0005652750564234858,-0.0010731134591119,0,-0.0,0.0,-0.0,1.256810254413829,1.2811584392686002
2023-01-25,-0.0005652750564234858,0.0003746723100315,0,0.0,0.0,0.0,1.256810254413829,1.2816384538605574
2023-01-26,-0.0005652750564234858,0.0109903829010375,0,0.0,0.0,0.0,1.256810254413829,1.2957241512091788
2023-01-27,-0.0005652750564234858,0.002297683961157,0,0.0,0.0,0.0,1.256810254413829,1.298701315809496
2023-01-30,-0.0005652750564234858,-0.0125468070840826,0,-0.0,0.0,-0.0,1.256810254413829,1.28240676094019
2023-01-31,-0.0005652750564234858,0.0147031690191206,0,0.0,0.0,0.0,1.256810254413829,1.3012622042975566
2023-02-01,-0.0005652750564234858,0.010627934980194,0,0.0,0.0,0.0,1.256810254413829,1.315091934397015
2023-02-02,-0.0005652750564234858,0.0145570333733782,0,0.0,0.0,0.0,1.256810254413829,1.334235771575093
2023-02-03,-0.0005652750564234858,-0.0106291267023163,0,-0.0,0.0,-0.0,1.256810254413829,1.3200540105082585
2023-02-06,-0.0005652750564234858,-0.0061113602965927,0,-0.0,0.0,-0.0,1.256810254413829,1.3119866848390804
2023-02-07,-0.0001299606744704085,0.0130786594090261,0,0.0,0.0,0.0,1.256810254413829,1.3291457118392682
2023-02-08,-0.00011478822198108207,-0.0109348392511234,0,-0.0,0.0,-0.0,1.256810254413829,1.314611717138986
2023-02-09,-0.00011474973545132582,-0.0086691929041299,0,-0.0,0.0,-0.0,1.256810254413829,1.3032150945690786
2023-02-10,-0.00011474963782617435,0.002333696428806,0,0.0,0.0,0.0,1.256810254413829,1.3062564029812407
2023-02-13,-0.00011474963757853783,0.0117389819626916,0,0.0,0.0,0.0,1.256810254413829,1.321590523334488
2023-02-14,-0.00011474963757790967,-0.0004602037256412,0,-0.0,0.0,-0.0,1.256810254413829,1.3209823224518775
2023-02-15,-0.00011474963757790807,0.0032473798807737,0,0.0,0.0,0.0,1.256810254413829,1.3252720538686655
2023-02-16,-0.00011474963757790807,-0.0137688296433633,0,-0.0,0.0,-0.0,1.256810254413829,1.3070246087278377
2023-02-17,-0.00011474963757790807,-0.0024983123754148,0,-0.0,0.0,-0.0,1.256810254413829,1.3037592529728812
2023-02-21,-0.00011474963757790807,-0.0200607286615515,0,-0.0,0.0,-0.0,1.256810254413829,1.277604892359005
2023-02-22,-0.00011474963757790807,-0.0013780954601767,0,-0.0,0.0,-0.0,1.256810254413829,1.2758442308569455
2023-02-23,-0.00011474963757790807,0.0053192837039999,0,0.0,0.0,0.0,1.256810254413829,1.2826308082829851
2023-02-24,-0.00011474963757790807,-0.0106822964077329,0,-0.0,0.0,-0.0,1.256810254413829,1.2689293658072163
2023-02-27,-0.00011474963757790807,0.0034059058807256,0,0.0,0.0,0.0,1.256810254413829,1.2732512197964445
2023-02-28,-0.00011474963757790807,-0.0036959761929471,0,-0.0,0.0,-0.0,1.256810254413829,1.2685453136004359
2023-03-01,-0.00011474963757790807,-0.0038361391902721,0,-0.0,0.0,-0.0,1.256810254413829,1.2636789972082971
2023-03-02,-0.00011474963757790807,0.0077774417862623,0,0.0,0.0,0.0,1.256810254413829,1.2735071870456072
2023-03-03,-0.00011474963757790807,0.0160377423047402,0,0.0,0.0,0.0,1.256810254413829,1.2939313671346793
2023-03-06,-0.00011474963757790807,0.0006928446075709,0,0.0,0.0,0.0,1.256810254413829,1.2948278605049655
2023-03-07,-0.00011474963757790807,-0.0153288353744546,0,-0.0,0.0,-0.0,1.256810254413829,1.2749796573930277
2023-03-08,-3.5785501968855354e-05,0.0016322429539235,0,0.0,0.0,0.0,1.256810254413829,1.2770607339552031
2023-03-09,-0.00014794262584146055,-0.0184499877406346,0,-0.0,0.0,-0.0,1.256810254413829,1.2534989790696838
2023-03-10,-0.00014712008092463487,-0.0144293187148486,0,-0.0,0.0,-0.0,1.256810254413829,1.2354118427919498
2023-03-13,-0.0001471261133558959,-0.0014254896814199,0,-0.0,0.0,-0.0,1.256810254413829,1.233650775957746
2023-03-14,-0.00014712606911487493,0.0165303389843176,0,0.0,0.0,0.0,1.256810254413829,1.254043441472594
2023-03-15,-0.00014712606943933249,-0.0062545528592259,0,-0.0,0.0,-0.0,1.256810254413829,1.2461999604801381
2023-03-16,-0.00014712606943695296,0.01754528477739,0,0.0,0.0,0.0,1.256810254413829,1.2680648936763343
2023-03-17,-0.00014712606943697042,-0.0116927384770535,0,-0.0,0.0,-0.0,1.256810254413829,1.2532377425026442
2023-03-20,-0.00014712606943697028,0.0096155945325795,0,0.0,0.0,0.0,1.256810254413829,1.265288368487475
2023-03-21,-0.00014712606943697028,0.0131305692937975,0,0.0,0.0,0.0,1.256810254413829,1.2819023250865358
2023-03-22,-0.00014712606943697028,-0.0170465113760532,0,-0.0,0.0,-0.0,1.256810254413829,1.2600503625189592
2023-03-23,-0.00014712606943697028,0.0027034734289663,0,0.0,0.0,0.0,1.256810254413829,1.2634568751931887
2023-03-24,-0.00014712606943697028,0.0065618889283041,0,0.0,0.0,0.0,1.256810254413829,1.2717475388739086
2023-03-27,-0.00014712606943697028,0.0018700134667424,0,0.0,0.0,0.0,1.256810254413829,1.2741257238978994
2023-03-28,-0.00014712606943697028,-0.0022447745069329,0,-0.0,0.0,-0.0,1.256810254413829,1.2712655989542658
2023-03-29,-0.00014712606943697028,0.0145349446622795,0,0.0,0.0,0.0,1.256810254413829,1.2897433740861257
2023-03-30,-0.00014712606943697028,0.0058552292907916,0,0.0,0.0,0.0,1.256810254413829,1.2972951172676792
2023-03-31,-0.00014712606943697028,0.0140945855632725,0,0.0,0.0,0.0,1.256810254413829,1.3155799542988242
2023-04-03,-0.00014712606943697028,0.003810522205067,0,0.0,0.0,0.0,1.256810254413829,1.320593000927221
2023-04-04,-0.00014712606943697028,-0.0055479479069008,0,-0.0,0.0,-0.0,1.256810254413829,1.313266419751859
2023-04-05,-0.00010050151971733364,-0.0026183835929648,0,-0.0,0.0,-0.0,1.256810254413829,1.309827784505189
2023-04-06,-0.00023617601917200415,0.0039008291060553,0,0.0,0.0,0.0,1.256810254413829,1.3149371988509069
2023-04-10,-0.00023279690013274496,0.0010264024083119,0,0.0,0.0,0.0,1.256810254413829,1.3162868535585865
2023-04-11,-0.00023288106071949768,0.0002686741837443,0,0.0,0.0,0.0,1.256810254413829,1.3166405058545398
2023-04-12,-0.00023287896460974828,-0.0040759778902828,0,-0.0,0.0,-0.0,1.256810254413829,1.3112739082632259
2023-04-13,-0.0002328790168156115,0.0132826737925515,0,0.0,0.0,0.0,1.256810254413829,1.3286911318393704
2023-04-14,-0.00023287901551536844,-0.0024427777593893,0,-0.0,0.0,-0.0,1.256810254413829,1.3254454346934155
2023-04-17,-0.0002328790155477524,0.0035882775136444,0,0.0,0.0,0.0,1.256810254413829,1.3302015007422885
2023-04-18,-0.00023287901554694583,0.0006521659473999,0,0.0,0.0,0.0,1.256810254413829,1.3310690128642528
2023-04-19,-0.0002328790155469659,-0.0001689303897168,0,-0.0,0.0,-0.0,1.256810254413829,1.3308441548571697
2023-04-20,-0.00023287901554696543,-0.0054570156370387,0,-0.0,0.0,-0.0,1.256810254413829,1.3235817174936526
2023-04-21,-0.00023287901554696543,0.0007767748455407,0,0.0,0.0,0.0,1.256810254413829,1.3246098424778192
2023-04-24,-0.00023287901554696543,0.0010432344444695,0,0.0,0.0,0.0,1.256810254413829,1.3259917210909755
2023-04-25,-0.00023287901554696543,-0.0158736975929738,0,-0.0,0.0,-0.0,1.256810254413829,1.3049433294995905
2023-04-26,-0.00023287901554696543,-0.0042357495491455,0,-0.0,0.0,-0.0,1.256810254413829,1.299415916380002
2023-04-27,-0.00023287901554696543,0.0199081806357388,0,0.0,0.0,0.0,1.256810254413829,1.3252849231642494
2023-04-28,-0.00023287901554696543,0.0085350714316954,0,0.0,0.0,0.0,1.256810254413829,1.3365963246508052
2023-05-01,-0.00023287901554696543,-0.0010098456922423,0,-0.0,0.0,-0.0,1.256810254413829,1.3352465686100898
2023-05-02,-0.00023287901554696543,-0.0112390597605763,0,-0.0,0.0,-0.0,1.256810254413829,1.3202396526303766
2023-05-03,-0.00023287901554696543,-0.0068640669892412,0,-0.0,0.0,-0.0,1.256810254413829,1.311177439212869
2023-05-04,0.00011050466934434469,-0.0070830012375486,1,-0.0070830012375486,1.0,-0.0075830012375485995,1.2472798606992452,1.3018903677882785
2023-05-05,0.00010406521502694807,0.018512582855684,1,0.018512582855684,0.0,0.018512582855684,1.270370232464666,1.325991721090976
2023-05-08,0.00010407116042029059,0.0002665549296116,1,0.0002665549296116,0.0,0.0002665549296116,1.2707088559125614,1.3263451707208571
2023-05-09,0.00010407115493105186,-0.0043854478705774,1,-0.0043854478705774,0.0,-0.0043854478705774,1.265136228466276,1.3205285531162687
2023-05-10,0.00010407115493611994,0.0046724991693249,1,0.0046724991693249,0.0,0.0046724991693249,1.2710475764428675,1.3266987216837745
2023-05-11,0.00010407115493611526,-0.0017439045068687,1,-0.0017439045068687,0.0,-0.0017439045068687,1.2688309908458641,1.3243850858037731
2023-05-12,0.00010407115493611526,-0.0013103662935165,1,-0.0013103662935165,0.0,-0.0013103662935165,1.2671683574832906,1.3226496562277
2023-05-15,0.00010407115493611526,0.0034500665083214,1,0.0034500665083214,0.0,0.0034500665083214,1.2715401725938484,1.327212885508894
2023-05-16,0.00010407115493611526,-0.0066826320130186,1,-0.0066826320130186,0.0,-0.0066826320130186,1.2630429375306336,1.3183436101921016
2023-05-17,0.00010407115493611526,0.0121388856947666,1,0.0121388856947666,0.0,0.0121388856947666,1.2783748713769,1.3343468325826495
2023-05-18,0.00010407115493611526,0.009633249252825,1,0.009633249252825,0.0,0.009633249252825,1.290689775151422,1.3472009282106359
2023-05-19,0.00010407115493611526,-0.0014550818234367,1,-0.0014550818234367,0.0,-0.0014550818234367,1.2888117159199035,1.3452406406274795
2023-05-22,0.00010407115493611526,0.0004060882351168,1,0.0004060882351168,0.0,0.0004060882351168,1.2893350871950193,1.3457869270250395
2023-05-23,0.00010407115493611526,-0.0112228670028253,1,-0.0112228670028253,0.0,-0.0112228670028253,1.2748650509893535,1.3306833393288966
2023-05-24,0.00010407115493611526,-0.0072446374757059,1,-0.0072446374757059,0.0,-0.0072446374757059,1.2656291158644883,1.321043020940497
2023-05-25,0.00010407115493611526,0.008659818740202,1,0.008659818740202,0.0,0.008659818740202,1.276589234600197,1.3324830140498507
2023-05-26,0.00010407115493611526,0.0129506411706201,1,0.0129506411706201,0.0,0.0129506411706201,1.2931218836997809,1.3497395234307568
2023-05-30,0.00010407115493611526,0.0003809355925301,1,0.0003809355925301,0.0,0.0003809355925301,1.2936144798507618,1.3502536872558761
2023-05-31,0.00010407115493611526,-0.0055452527975609,1,-0.0055452527975609,0.0,-0.0055452527975609,1.2864410605374041,1.3427661892192035
2023-06-01,0.00010407115493611526,0.0095011546657424,1,0.0095011546657424,0.0,0.0095011546657424,1.2986637360219317,1.3555240184629047
2023-06-02,0.00043527212232296643,0.0144611753332475,1,0.0144611753332475,0.0,0.0144611753332475,1.3174439400074751,1.3751264889623251
2023-06-05,0.000242699337559089,-0.0019163077903493,1,-0.0019163077903493,0.0,-0.0019163077903493,1.3149193119218903,1.372491323358811
2023-06-06,0.00023860880613491643,0.0021774373720961,1,0.0021774373720961,0.0,0.0021774373720961,1.31778246637296,1.3754798372591701
2023-06-07,0.00023852191718353808,-0.0034577504664482,1,-0.0034577504664482,0.0,-0.0034577504664482,1.3132259034351816,1.370723771210297
2023-06-08,0.00023852007153340397,0.0060485318201433,1,0.0060485318201433,0.0,0.0060485318201433,1.3211689920991458,1.3790146375570893
2023-06-09,0.00023852003232905907,0.0017944354424661,1,0.0017944354424661,0.0,0.0017944354424661,1.3235397445640558,1.3814891902984014
2023-06-12,0.00023852003149630067,0.0090718532765374,1,0.0090718532765374,0.0,0.0090718532765374,1.3355467029324068,1.3940218575359111
2023-06-13,0.00023852003147861164,0.0065927955085598,1,0.0065927955085598,0.0,0.0065927955085598,1.3443516892369716,1.4032123585771081
2023-06-14,0.0002385200314782359,0.0011908260035669,1,0.0011908260035669,0.0,0.0011908260035669,1.345952578186454,1.4048833403422283
2023-06-15,0.00023852003147822794,0.0123977019365448,1,0.0123977019365448,0.0,0.0123977019365448,1.3626392970715338,1.4223006652514087
2023-06-16,0.00023852003147822778,-0.0034061221426223,1,-0.0034061221426223,0.0,-0.0034061221426223,1.3579979811893712,1.4174561354620296
2023-06-20,0.00023852003147822778,-0.0051882690244812,1,-0.0051882690244812,0.0,-0.0051882690244812,1.3509523223282585,1.410101991700851
2023-06-21,0.00023852003147822778,-0.0051237032375575,1,-0.0051237032375575,0.0,-0.0051237032375575,1.3440304435405592,1.402877047560687
2023-06-22,0.00023852003147822778,0.0036097369718572,1,0.0036097369718572,0.0,0.0036097369718572,1.3488820399239094,1.407941064706237
2023-06-23,0.00023852003147822778,-0.007560063209127,1,-0.007560063209127,0.0,-0.007560063209127,1.3386844064404284,1.3972969412623322
2023-06-26,0.00023852003147822778,-0.0040856745754181,1,-0.0040856745754181,0.0,-0.0040856745754181,1.333214977596526,1.391588040675107
2023-06-27,0.00023852003147822778,0.0109633005376827,1,0.0109633005376827,0.0,0.0109633005376827,1.347831414077257,1.4068444385896735
2023-06-28,0.00023852003147822778,0.0005043442609844,1,0.0005043442609844,0.0,0.0005043442609844,1.3485111851157214,1.407553972508374
2023-06-29,0.00023852003147822778,0.0039414339827805,1,0.0039414339827805,0.0,0.0039414339827805,1.3538262529268963,1.4131017535682164
2023-06-30,0.00023852003147822778,0.0118006121709639,1,0.0118006121709639,0.0,0.0118006121709639,1.369802231484556,1.429777219320184
2023-07-03,0.0006551164128297763,0.0011505572236374,1,0.0011505572236374,0.0,0.0011505572236374,1.3713782673369452,1.4314222598280653
2023-07-05,0.000747376950075436,-0.0014872660674325,1,-0.0014872660674325,0.0,-0.0014872660674325,1.3693386629743205,1.4292933540728554
2023-07-06,0.0007466132328826278,-0.0078304647105157,1,-0.0078304647105157,0.0,-0.0078304647105157,1.3586161048971552,1.4181013229028132
2023-07-07,0.0007466195548049578,-0.0025247844468762,1,-0.0025247844468762,0.0,-0.0025247844468762,1.3551858920862354,1.4145209227386537
2023-07-10,0.0007466195024731493,0.0025311751184475,1,0.0025311751184475,0.0,0.0025311751184475,1.3586161048971552,1.4181013229028132
2023-07-11,0.0007466195029063432,0.0063684477474017,1,0.0063684477474017,0.0,0.0063684477474017,1.3672683805699712,1.427132427078241
2023-07-12,0.0007466195029027573,0.0080460337335983,1,0.0080460337335983,0.0,0.0080460337335983,1.3782694680829197,1.4386151827288247
2023-07-13,0.000746619502902787,0.0079367315488971,1,0.0079367315488971,0.0,0.0079367315488971,1.3892084228531352,1.450033085236311
2023-07-14,0.0007466195029027868,-0.0006227995945932,1,-0.0006227995945932,0.0,-0.0006227995945932,1.3883432244105767,1.449130005218679
2023-07-17,0.0007466195029027868,0.0034722855933921,1,0.0034722855933921,0.0,0.0034722855933921,1.3931639485873812,1.4541617984587523
2023-07-18,0.0007466195029027868,0.007430494770048,1,0.007430494770048,0.0,0.007430494770048,1.4035158460211794,1.4649669400970038
2023-07-19,0.0007466195029027868,0.0022238434336752,1,0.0022238434336752,0.0,0.0022238434336752,1.4066370455194128,1.4682247972072897
2023-07-20,0.0007466195029027868,-0.0066345031849107,1,-0.0066345031849107,0.0,-0.0066345031849107,1.3973047075609009,1.458483855114053
2023-07-21,0.0007466195029027868,0.0,1,0.0,0.0,0.0,1.3973047075609009,1.458483855114053
2023-07-24,0.0007466195029027868,0.0044673182576917,1,0.0044673182576917,0.0,0.0044673182576917,1.4035469123925464,1.4649993666685528
2023-07-25,0.0007466195029027868,0.0027300445941638,1,0.0027300445941638,0.0,0.0027300445941638,1.407378658053379,1.4689988802699796
2023-07-26,0.0007466195029027868,0.0001536897049005,1,0.0001536897049005,0.0,0.0001536897049005,1.4075949576640185,1.4692246502743875
2023-07-27,0.0007466195029027868,-0.0066299881991617,1,-0.0066299881991617,0.0,-0.0066299881991617,1.3982626197055066,1.459483708181151
2023-07-28,0.0007466195029027868,0.0097903594304513,1,0.0097903594304513,0.0,0.0097903594304513,1.4119521133305881,1.4737725782671325
2023-07-31,0.0007466195029027868,0.0019040349079484,1,0.0019040349079484,0.0,0.0019040349079484,1.4146405194427212,1.4765786927025302
2023-08-01,0.0006135658102841364,-0.0028616736058768,1,-0.0028616736058768,0.0,-0.0028616736058768,1.4105922800064281,1.4723532064306233
2023-08-02,0.0006187943214116435,-0.0139107481126431,1,-0.0139107481126431,0.0,-0.0139107481126431,1.3909698861096198,1.4518716718431244
2023-08-03,0.000618773137387431,-0.0028658426743732,1,-0.0028658426743732,0.0,-0.0028658426743732,1.3869835852512389,1.447710836048243
2023-08-04,0.0006187732232173873,-0.0045228899514806,1,-0.0045228899514806,0.0,-0.0045228899514806,1.3807104111306374,1.4411629992552306
2023-08-07,0.0006187732228696355,0.0087286322044404,1,0.0087286322044404,0.0,0.0087286322044404,1.3927621244902384,1.4537423810223777
2023-08-08,0.0006187732228710444,-0.0043486825486136,1,-0.0043486825486136,0.0,-0.0043486825486136,1.3867054441450977,1.4474205168998457
2023-08-09,0.0006187732228710387,-0.0066851972203189,1,-0.0066851972203189,0.0,-0.0066851972203189,1.3774350447644979,1.4377442252836343
2023-08-10,0.0006187732228710387,0.0003588870751105,1,0.0003588870751105,0.0,0.0003588870751105,1.3779293883988681,1.4382602131034035
2023-08-11,0.0006187732228710387,-0.0005830879551825,1,-0.0005830879551825,0.0,-0.0005830879551825,1.377125934369401,1.4374215808967248
2023-08-14,0.0006187732228710387,0.0055200790292759,1,0.0055200790292759,0.0,0.0055200790292759,1.3847277783603855,1.4453562616216615
2023-08-15,0.0006187732228710387,-0.0116489544657784,1,-0.0116489544657784,0.0,-0.0116489544657784,1.368597147522767,1.428519372343203
2023-08-16,0.0006187732228710387,-0.0073380864042348,1,-0.0073380864042348,0.0,-0.0073380864042348,1.3585542634016556,1.4180367737588253
2023-08-17,0.0006187732228710387,-0.0076199323630243,1,-0.0076199323630243,0.0,-0.0076199323630243,1.3482021718030368,1.4072314294545019
2023-08-18,0.0006187732228710387,0.0004813067694817,1,0.0004813067694817,0.0,0.0004813067694817,1.3488510706349557,1.4079087394677259
2023-08-21,0.0006187732228710387,0.0065061753461614,1,0.0065061753461614,0.0,0.0065061753461614,1.3576269322163643,1.417068840598096
2023-08-22,0.0006187732228710387,-0.0027084711518432,1,-0.0027084711518432,0.0,-0.0027084711518432,1.353949838835491,1.41323075052316
2023-08-23,0.0006187732228710387,0.0111377153540086,1,0.0111377153540086,0.0,0.0111377153540086,1.3690297467440464,1.4289709123520191
2023-08-24,0.0006187732228710387,-0.0138590816671545,1,-0.0138590816671545,0.0,-0.0138590816671545,1.3500562516791568,1.4091666877777442
2023-08-25,0.0006187732228710387,0.0070499028101742,1,0.0070499028101742,0.0,0.0070499028101742,1.359574017041763,1.4191011759699126
2023-08-28,0.0006187732228710387,0.0063411820730574,1,0.0063411820730574,0.0,0.0063411820730574,1.3681953234256228,1.4280999549068278
2023-08-29,0.00043616592605601884,0.0144549831467566,1,0.0144549831467566,0.0,0.0144549831467566,1.3879725637672113,1.44874311568689
2023-08-30,0.0004180080935937494,0.0041188096761741,1,0.0041188096761741,0.0,0.0041188096761741,1.39368935859312,1.4547102128500717
2023-08-31,0.00041795225854241,-0.0014634569389864,1,-0.0014634569389864,0.0,-0.0014634569389864,1.3916497542304953,1.4525813070948619
2023-09-01,0.0004179520868504988,0.0018650513445461,1,0.0018650513445461,0.0,0.0018650513445461,1.3942452524757603,1.4552904458147218
2023-09-05,0.00041795208632254885,-0.0043218444140188,1,-0.0043218444140188,0.0,-0.0043218444140188,1.3882195414195757,1.4490009069307024
2023-09-06,0.0004179520863209254,-0.0067223832508135,1,-0.0067223832508135,0.0,-0.0067223832508135,1.3788873976258846,1.439260167503538
2023-09-07,0.00041795208632092044,-0.0030701387223094,1,-0.0030701387223094,0.0,-0.0030701387223094,1.374654022032729,1.4348414391318078
2023-09-08,0.00041795208632092044,0.0015060388804506,1,0.0015060388804506,0.0,0.0015060388804506,1.3767243044370783,1.4370023661264222
2023-09-11,0.00041795208632092044,0.0065764820584408,1,0.0065764820584408,0.0,0.0065764820584408,1.3857783071246281,1.4464527864051897
2023-09-12,0.00041795208632092044,-0.005485403187993,1,-0.005485403187993,0.0,-0.005485403187993,1.3781767543808752,1.4385184096793613
2023-09-13,0.00041795208632092044,0.0011658257106763,1,0.0011658257106763,0.0,0.0011658257106763,1.379783468274989,1.4401954714266467
2023-09-14,0.00041795208632092044,0.0086223413099049,1,0.0086223413099049,0.0,0.0086223413099049,1.3916804322722203,1.4526133283342666
2023-09-15,0.00041795208632092044,-0.0120481683974138,1,-0.0120481683974138,0.0,-0.0120481683974138,1.3749132320688189,1.4351119983381675
2023-09-18,0.00041795208632092044,0.0005864147646315,1,0.0005864147646315,0.0,0.0005864147646315,1.3757195014881913,1.4359535692028929
2023-09-19,0.00041795208632092044,-0.0020739365544355,1,-0.0020739365544355,0.0,-0.0020739365544355,1.3728663465254052,1.4329754926052507
2023-09-20,0.00041795208632092044,-0.009193319372754,1,-0.009193319372754,0.0,-0.009193319372754,1.3602451477456912,1.419801691248401
2023-09-21,0.00041795208632092044,-0.01652822783305,1,-0.01652822783305,0.0,-0.01652822783305,1.3377627060349497,1.3963348854176978
2023-09-22,0.00041795208632092044,-0.0022486765095309,1,-0.0022486765095309,0.0,-0.0022486765095309,1.3347545104625624,1.3931949799614205
2023-09-25,0.00041795208632092044,0.0042052052288674,1,0.0042052052288674,0.0,0.0042052052288674,1.340367427109214,1.399053650775986
2023-09-26,0.00041795208632092044,-0.0146912781821246,1,-0.0146912781821246,0.0,-0.0146912781821246,1.320675716371294,1.378499764400719
2023-09-27,0.0009411454970001953,0.0003991574029804,1,0.0003991574029804,0.0,0.0003991574029804,1.3212028738604202,1.3790500027866865
2023-09-28,0.0006978173851744014,0.0057975238013781,1,0.0057975238013781,0.0,0.0057975238013781,1.3288625789680752,1.387045078001133
2023-09-29,0.0007016049341316224,-0.0024270190243487,1,-0.0024270190243487,0.0,-0.0024270190243487,1.3256374042081747,1.383678693209195
2023-10-02,0.0007015459786455682,-0.000397590174389,1,-0.000397590174389,0.0,-0.000397590174389,1.3251103438014589,1.3831285561562634
2023-10-03,0.0007015468963232999,-0.0133860001238155,1,-0.0133860001238155,0.0,-0.0133860001238155,1.3073724165752634,1.3646139971323028
2023-10-04,0.000701546882039092,0.0072818542136579,1,0.0072818542136579,0.0,0.0072818542136579,1.316892511915722,1.3745509173173371
2023-10-05,0.0007015468822614343,-0.0003767871680341,1,-0.0003767871680341,0.0,-0.0003767871680341,1.3163963237155518,1.3740330041698825
2023-10-06,0.0007015468822579734,0.0118727901226409,1,0.0118727901226409,0.0,0.0118727901226409,1.3320256209852428,1.3903466096499735
2023-10-09,0.0007015468822580273,0.0064020682528693,1,0.0064020682528693,0.0,0.0064020682528693,1.340553339925361,1.399247703540098
2023-10-10,0.0007015468822580265,0.0052049454513432,1,0.0052049454513432,0.0,0.0052049454513432,1.3475308469342886,1.4065307115099415
2023-10-11,0.0007015468822580265,0.0040963876948285,1,0.0040963876948285,0.0,0.0040963876948285,1.3530508557140721,1.4122924066089693
2023-10-12,0.0007015468822580265,-0.0060964457764891,1,-0.0060964457764891,0.0,-0.0060964457764891,1.3448020545393793,1.4036824425315304
2023-10-13,0.0007015468822580265,-0.0049808802519749,1,-0.0049808802519749,0.0,-0.0049808802519749,1.3381037565431089,1.3966908683734813
2023-10-16,0.0007015468822580265,0.0105214517352825,1,0.0105214517352825,0.0,0.0105214517352825,1.3521825506343774,1.4113860839341827
2023-10-17,0.0007015468822580265,-4.602176319645768e-05,1,-4.602176319645768e-05,0.0,-4.602176319645768e-05,1.3521203208092338,1.4113211294580492
2023-10-18,0.0007015468822580265,-0.0133250983374536,1,-0.0133250983374536,0.0,-0.0133250983374536,1.3341031845703815,1.3925151366222948
2023-10-19,0.0007015468822580265,-0.0087862973900532,1,-0.0087862973900532,0.0,-0.0087862973900532,1.3223813572417291,1.3802800845117806
2023-10-20,0.0007015468822580265,-0.0122881018410605,1,-0.0122881018410605,0.0,-0.0122881018410605,1.3061318004512228,1.3633190622641123
2023-10-23,0.0007015468822580265,-0.0017331846967774,1,-0.0017331846967774,0.0,-0.0017331846967774,1.3038680328027064,1.360956178528571
2023-10-24,0.0007015468822580265,0.0075394653136495,1,0.0075394653136495,0.0,0.0075394653136495,1.313698500609599,1.3712170604299843
2023-10-25,0.0005613460490011945,-0.01435228030119,1,-0.01435228030119,0.0,-0.01435228030119,1.294843931497597,1.3515369688249195
2023-10-26,0.0006016255989710167,-0.011974740535667,1,-0.011974740535667,0.0,-0.011974740535667,1.2793385113837303,1.335352664298879
2023-10-27,0.000601393094755448,-0.0045326779513003,1,-0.0045326779513003,0.0,-0.0045326779513003,1.273539681920932,1.3292999407202015
2023-10-30,0.0006013944368312731,0.0119558961528816,1,0.0119558961528816,0.0,0.0119558961528816,1.2887659901045525,1.345192912767484
2023-10-31,0.0006013944290844564,0.0062802406544226,1,0.0062802406544226,0.0,0.0062802406544226,1.2968597506696444,1.3536410479862875
2023-11-01,0.0006013944291291732,0.0106647241097863,1,0.0106647241097863,0.0,0.0106647241097863,1.3106904021196226,1.3680772563067434
2023-11-02,0.000601394429128915,0.0191644170472242,1,0.0191644170472242,0.0,0.0191644170472242,1.3358090196056371,1.3942956593994282
2023-11-03,0.0006013944291289165,0.0091233447753364,1,0.0091233447753364,0.0,0.0091233447753364,1.3479960658455037,1.4070162994188844
2023-11-06,0.0006013944291289165,0.0023004565335285,1,0.0023004565335285,0.0,0.0023004565335285,1.3510970722023488,1.4102530792576637
2023-11-07,0.0006013944291289165,0.0028460132103069,1,0.0028460132103069,0.0,0.0028460132103069,1.3549423123182438,1.414266678151107
2023-11-08,0.0006013944291289165,0.000732483939521,1,0.000732483939521,0.0,0.000732483939521,1.3559347858009945,1.4153026057790525
2023-11-09,0.0006013944291289165,-0.0077988991499367,1,-0.0077988991499367,0.0,-0.0077988991499367,1.3453599871526416,1.404264803489939
2023-11-10,0.0006013944291289165,0.0156049426475854,1,0.0156049426475854,0.0,0.0156049426475854,1.366354252592515,1.4261782752104224
2023-11-13,0.0006013944291289165,-0.0009532356759394,1,-0.0009532356759394,0.0,-0.0009532356759394,1.3650517949729724,1.4248187911982422
2023-11-14,0.0006013944291289165,0.0194007390642592,1,0.0194007390642592,0.0,0.0194007390642592,1.3915348086564416,1.4524613287801325
2023-11-15,0.0006013944291289165,0.0021170622027688,1,0.0021170622027688,0.0,0.0021170622027688,1.3944807744036853,1.4555362797602762
2023-11-16,0.0006013944291289165,0.0012231368848836,1,0.0012231368848836,0.0,0.0012231368848836,1.3961864152741195,1.4573165998713373
2023-11-17,0.0006013944291289165,0.0012438239911174,1,0.0012438239911174,0.0,0.0012438239911174,1.3979230254335098,1.459129245220911
2023-11-20,0.0006013944291289165,0.0076975728894317,1,0.0076975728894317,0.0,0.0076975728894317,1.408683639815599,1.4703609989411006
2023-11-21,0.0006013944291289165,-0.0021793658853671,1,-0.0021793658853671,0.0,-0.0021793658853671,1.4056136027477102,1.467156544340834
2023-11-22,0.0004989449645964772,0.0038608118583054,1,0.0038608118583054,0.0,0.0038608118583054,1.411040412413394,1.4728209597252155
2023-11-24,0.0006302073398525389,0.0006152963371188,1,0.0006152963371188,0.0,0.0006152963371188,1.4119086204106785,1.4737271810669663
2023-11-27,0.0006366404285129151,-0.0018008852536094,1,-0.0018008852536094,0.0,-0.0018008852536094,1.409365934996737,1.4710731675187394
2023-11-28,0.0006369557102502106,0.0009902039041655,1,0.0009902039041655,0.0,0.0009902039041655,1.4107614946479687,1.4725298299125298
2023-11-29,0.000636971162015159,-0.0007035707799842,1,-0.0007035707799842,0.0,-0.0007035707799842,1.4097689240828075,1.4714938009515484
2023-11-30,0.0006369719192967005,0.0039375091718318,1,0.0039375091718318,0.0,0.0039375091718318,1.4153199021515472,1.4772878212890888
2023-12-01,0.0006369719564106053,0.0059158869189996,1,0.0059158869189996,0.0,0.0059158869189996,1.4236927746468855,1.4860272889866504
2023-12-04,0.0006369719582295351,-0.0052494458493973,1,-0.0052494458493973,0.0,-0.0052494458493973,1.4162191765201984,1.4782264692023883
2023-12-05,0.0006369719583186797,-0.0001970824395501,1,-0.0001970824395501,0.0,-0.0001970824395501,1.4159400645899523,1.4779351367236304
2023-12-06,0.0006369719583230486,-0.0040297762162572,1,-0.0040297762162572,0.0,-0.0040297762162572,1.410234142994022,1.4719793888604906
2023-12-07,0.0006369719583232627,0.0076305119971527,1,0.0076305119971527,0.0,0.0076305119971527,1.4209949515409321,1.4832113452467521
2023-12-08,0.0006369719583232732,0.0042990375689766,1,0.0042990375689766,0.0,0.0042990375689766,1.4271038622229328,1.4895877265427002
2023-12-11,0.0006369719583232738,0.0038896124754947,1,0.0038896124754947,0.0,0.0038896124754947,1.432654743209262,1.4953816455472047
2023-12-12,0.0006369719583232738,0.0045671578133343,1,0.0045671578133343,0.0,0.0045671578133343,1.4391979035135207,1.5022112895135824
2023-12-13,0.0006369719583232738,0.0137901474835875,1,0.0137901474835875,0.0,0.0137901474835875,1.459044654861042,1.522927004747485
2023-12-14,0.0006369719583232738,0.0032094103312352,1,0.0032094103312352,0.0,0.0032094103312352,1.4637273278500866,1.5278147024102386
2023-12-15,0.0006369719583232738,-0.0016465962462566,1,-0.0016465962462566,0.0,-0.0016465962462566,1.4613171599265053,1.5252990084562743
2023-12-18,0.0006369719583232738,0.0056251730213054,1,0.0056251730213054,0.0,0.0056251730213054,1.4695373217900947,1.5338790792880665
2023-12-19,0.0006369719583232738,0.0060809239130399,1,0.0060809239130399,0.0,0.0060809239130399,1.4784734664312726,1.5432064812610211
2023-12-20,0.0006369719583232738,-0.0138573920799818,1,-0.0138573920799818,0.0,-0.0138573920799818,1.4579856799270847,1.521821663989818
2023-12-21,0.0007332593126648627,0.0094819417285405,1,0.0094819417285405,0.0,0.0094819417285405,1.4718102151852,1.5362514883290002
2023-12-22,0.0009209679696962753,0.0020097726837533,1,0.0020097726837533,0.0,0.0020097726837533,1.4747682191513483,1.5393390046056192
2023-12-26,0.0009233828406281032,0.0042225307404635,1,0.0042225307404635,0.0,0.0042225307404635,1.4809954732917734,1.545838910872561
2023-12-27,0.0009234139079305367,0.0018079933482941,1,0.0018079933482941,0.0,0.0018079933482941,1.4836731032563386,1.5486337773409529
2023-12-28,0.0009234143076112269,0.0003777494885528,1,0.0003777494885528,0.0,0.0003777494885528,1.4842335600122734,1.5492187729582991
2023-12-29,0.0009234143127531169,-0.0028950076358605,1,-0.0028950076358605,0.0,-0.0028950076358605,1.4799366925226374,1.5447337727809665
